Data Source,World Development Indicators,,,,,,,,,,,,,,,,,,,,,,,,,,,,,,,,,,,,,,,,,,,,,,,,,,,,,,,,,,,,,,,,,
,,,,,,,,,,,,,,,,,,,,,,,,,,,,,,,,,,,,,,,,,,,,,,,,,,,,,,,,,,,,,,,,,,
Last Updated Date,10/05/2023,,,,,,,,,,,,,,,,,,,,,,,,,,,,,,,,,,,,,,,,,,,,,,,,,,,,,,,,,,,,,,,,,
,,,,,,,,,,,,,,,,,,,,,,,,,,,,,,,,,,,,,,,,,,,,,,,,,,,,,,,,,,,,,,,,,,
Country Name,Country Code,Indicator Name,Indicator Code,1960,1961,1962,1963,1964,1965,1966,1967,1968,1969,1970,1971,1972,1973,1974,1975,1976,1977,1978,1979,1980,1981,1982,1983,1984,1985,1986,1987,1988,1989,1990,1991,1992,1993,1994,1995,1996,1997,1998,1999,2000,2001,2002,2003,2004,2005,2006,2007,2008,2009,2010,2011,2012,2013,2014,2015,2016,2017,2018,2019,2020,2021,2022
Aruba,ABW,Domestic general government health expenditure (% of GDP),SH.XPD.GHED.GD.ZS,,,,,,,,,,,,,,,,,,,,,,,,,,,,,,,,,,,,,,,,,,,,,,,,,,,,,,,,,,,,,,,
Africa Eastern and Southern,AFE,Domestic general government health expenditure (% of GDP),SH.XPD.GHED.GD.ZS,,,,,,,,,,,,,,,,,,,,,,,,,,,,,,,,,,,,,,,,,2.080678914,2.041146911,1.927556749,2.339295113,2.351621041,2.294030561,2.493311129,2.531512868,2.458566263,2.761598703,2.810160487,2.788225897,2.738003995,2.641472865,2.646229665,2.796058754,2.678657233,2.643078818,2.758343499,2.790339329,2.985163312,,
Afghanistan,AFG,Domestic general government health expenditure (% of GDP),SH.XPD.GHED.GD.ZS,,,,,,,,,,,,,,,,,,,,,,,,,,,,,,,,,,,,,,,,,,,0.08418062,0.65096337,0.54292566,0.5291841,0.49784002,0.55994755,0.62779975,0.53190351,0.46915731,0.47999981,0.34288675,0.44335932,0.47265697,0.52267277,0.60012972,0.64313394,0.55239552,0.49705607,1.18621242,0.55571794,
Africa Western and Central,AFW,Domestic general government health expenditure (% of GDP),SH.XPD.GHED.GD.ZS,,,,,,,,,,,,,,,,,,,,,,,,,,,,,,,,,,,,,,,,,0.712378055,0.890609282,0.704602385,0.928319027,1.08720651,1.054376136,0.931227599,0.842724706,0.76875388,0.763990882,0.674095477,0.708888514,0.722427515,0.721261864,0.649396868,0.746258008,0.72580716,0.75465218,0.745148564,0.760575255,0.965999116,,
Angola,AGO,Domestic general government health expenditure (% of GDP),SH.XPD.GHED.GD.ZS,,,,,,,,,,,,,,,,,,,,,,,,,,,,,,,,,,,,,,,,,1.11098742,2.04631472,1.30862689,1.46559668,1.68663394,1.27875817,1.44411969,1.72198772,2.1384356,2.60045791,1.67409563,1.71321774,1.56333566,1.69516695,1.31816018,1.23424065,1.19753695,1.29295039,1.10391033,1.09448123,1.22474134,,
Albania,ALB,Domestic general government health expenditure (% of GDP),SH.XPD.GHED.GD.ZS,,,,,,,,,,,,,,,,,,,,,,,,,,,,,,,,,,,,,,,,,2.76583457,2.75328398,2.58867884,2.67035341,2.82082701,2.66531777,2.55931067,2.43571401,2.2712636,2.33806777,2.37874556,2.36555696,2.45518684,2.57775068,2.5936265,2.731354,2.80370712,2.6750803,2.82325125,2.86730385,2.93465567,,
Andorra,AND,Domestic general government health expenditure (% of GDP),SH.XPD.GHED.GD.ZS,,,,,,,,,,,,,,,,,,,,,,,,,,,,,,,,,,,,,,,,,3.90049219,3.81791759,3.97611761,3.55367517,3.2834096,3.59525061,2.97666311,2.93960619,3.69273424,4.12123442,5.87938738,5.69188356,4.69811535,4.80341673,4.86459827,5.08250427,5.07095957,5.17742872,5.27287292,5.30793858,6.62333536,,
Arab World,ARB,Domestic general government health expenditure (% of GDP),SH.XPD.GHED.GD.ZS,,,,,,,,,,,,,,,,,,,,,,,,,,,,,,,,,,,,,,,,,2.134716283,2.383608631,2.373836439,2.286918764,2.118399641,1.98425285,1.993455928,2.028627357,1.937613138,2.534429519,2.243124528,2.352403728,2.342854497,2.51000651,2.779484747,3.020804243,3.076408039,3.093543337,2.971448608,2.605718766,3.037892625,,
United Arab Emirates,ARE,Domestic general government health expenditure (% of GDP),SH.XPD.GHED.GD.ZS,,,,,,,,,,,,,,,,,,,,,,,,,,,,,,,,,,,,,,,,,1.63412821,1.91322362,1.66402185,1.62154937,1.40600681,1.31882441,1.33256018,1.50538909,1.87159979,2.98414969,2.7482419,2.65790033,2.48480034,2.58594084,2.57658958,2.55334687,2.49996734,2.2251265,2.13816953,2.2412796,3.45929488,,
Argentina,ARG,Domestic general government health expenditure (% of GDP),SH.XPD.GHED.GD.ZS,,,,,,,,,,,,,,,,,,,,,,,,,,,,,,,,,,,,,,,,,4.49895144,4.59210253,4.03350496,3.77215648,3.74438357,3.91339946,4.01898909,4.25491619,4.50854683,5.66982841,5.56834269,5.68117285,6.13485479,6.22042274,6.3273077,6.82437325,5.59118652,6.59935713,5.96251631,6.05942106,6.6165266,,
Armenia,ARM,Domestic general government health expenditure (% of GDP),SH.XPD.GHED.GD.ZS,,,,,,,,,,,,,,,,,,,,,,,,,,,,,,,,,,,,,,,,,0.95468217,1.33908558,1.17184055,1.20635736,1.29411483,1.47841108,1.58640754,1.61389112,1.48813355,1.81169069,1.68628836,1.6728667,1.57816982,1.37565804,1.50548005,1.61020839,1.63734329,1.37250602,1.23468125,1.41167367,2.35682821,,
American Samoa,ASM,Domestic general government health expenditure (% of GDP),SH.XPD.GHED.GD.ZS,,,,,,,,,,,,,,,,,,,,,,,,,,,,,,,,,,,,,,,,,,,,,,,,,,,,,,,,,,,,,,,
Antigua and Barbuda,ATG,Domestic general government health expenditure (% of GDP),SH.XPD.GHED.GD.ZS,,,,,,,,,,,,,,,,,,,,,,,,,,,,,,,,,,,,,,,,,2.72769094,3.21292543,3.09016109,3.34376001,2.96937299,2.77609158,2.45206785,2.2822845,2.13222933,2.29312468,3.13688278,3.09945083,3.08453822,3.08960581,3.47427654,3.15658259,2.86057758,2.73786783,2.91282296,2.55713224,3.38136292,,
Australia,AUS,Domestic general government health expenditure (% of GDP),SH.XPD.GHED.GD.ZS,,,,,,,,,,,,,,,,,,,,,,,,,,,,,,,,,,,,,,,,,5.45928478,5.46306753,5.66730642,5.62377834,5.79951096,5.72834206,5.71999836,5.87543869,5.96992397,6.24410963,6.09483814,6.25611258,6.17947626,5.9267602,6.90871811,7.23406696,7.17459917,7.21655941,7.20352697,7.5498395,7.99613142,,
Austria,AUT,Domestic general government health expenditure (% of GDP),SH.XPD.GHED.GD.ZS,,,,,,,,,,,,,,,,,,,,,,,,,,,,,,,,,,,,,,,,,6.82578707,6.82649803,6.89934063,6.98268557,6.99610281,6.99419928,6.9434433,6.9392724,7.17632055,7.44917679,7.39957857,7.28789806,7.43251085,7.4231286,7.51863861,7.51185322,7.49085999,7.66504908,7.705019,7.84675264,8.763134,,
Azerbaijan,AZE,Domestic general government health expenditure (% of GDP),SH.XPD.GHED.GD.ZS,,,,,,,,,,,,,,,,,,,,,,,,,,,,,,,,,,,,,,,,,0.86689276,0.79006773,0.73446828,0.77900064,0.86431676,0.91786504,0.8660776,0.90689105,0.86374003,1.13072789,1.01077783,0.94790989,1.11365366,1.06307197,1.12798095,1.30261827,1.16339755,1.00201261,0.92868203,1.27820647,1.58928382,,
Burundi,BDI,Domestic general government health expenditure (% of GDP),SH.XPD.GHED.GD.ZS,,,,,,,,,,,,,,,,,,,,,,,,,,,,,,,,,,,,,,,,,1.46507239,1.69244206,1.5355022,1.35508084,2.3681941,2.06248069,2.36401582,2.46383238,1.55913818,2.0807972,1.9852922,3.47107577,2.66949105,1.54086971,2.78679872,2.4195447,2.34577584,2.1146853,2.16288042,2.39167857,2.40413046,,
Belgium,BEL,Domestic general government health expenditure (% of GDP),SH.XPD.GHED.GD.ZS,,,,,,,,,,,,,,,,,,,,,,,,,,,,,,,,,,,,,,,,,5.96185923,6.13948441,6.13245678,6.79239845,6.99578428,6.89948559,6.80942583,6.77762508,7.26823902,7.87510586,7.77896738,7.89500046,8.02982998,8.03675461,8.0758276,8.26213646,8.30200672,8.30055332,8.33381271,8.10391235,8.75983047,,
Benin,BEN,Domestic general government health expenditure (% of GDP),SH.XPD.GHED.GD.ZS,,,,,,,,,,,,,,,,,,,,,,,,,,,,,,,,,,,,,,,,,0.80706602,0.92711985,0.72565293,0.66474718,0.7316609,0.68285859,0.71946442,0.59594429,0.56289971,0.74733609,0.7244271,0.79594523,0.7467218,0.76462752,0.57532829,0.58544809,0.57491308,0.8144033,0.49088362,0.54099989,0.86860555,,
Burkina Faso,BFA,Domestic general government health expenditure (% of GDP),SH.XPD.GHED.GD.ZS,,,,,,,,,,,,,,,,,,,,,,,,,,,,,,,,,,,,,,,,,0.96129316,0.97162038,1.05799043,0.9801873,1.69977903,1.22285259,1.43097806,1.43212855,1.36111355,1.64177847,1.30630887,1.34620178,1.06450117,1.61236513,1.62685239,1.45618761,2.38683128,2.62249136,2.10519767,2.2500782,2.92014813,,
Bangladesh,BGD,Domestic general government health expenditure (% of GDP),SH.XPD.GHED.GD.ZS,,,,,,,,,,,,,,,,,,,,,,,,,,,,,,,,,,,,,,,,,0.59449899,0.45552713,0.55840307,0.57762229,0.57157779,0.53574932,0.57358545,0.58527148,0.53094941,0.52135736,0.56377017,0.57777011,0.56263942,0.52380127,0.50557047,0.46532738,0.56968528,0.5911361,0.56958538,0.51866281,0.47426897,,
Bulgaria,BGR,Domestic general government health expenditure (% of GDP),SH.XPD.GHED.GD.ZS,,,,,,,,,,,,,,,,,,,,,,,,,,,,,,,,,,,,,,,,,3.4715004,3.84590173,4.20194769,4.37132454,4.09508371,4.10456991,3.63341045,3.43428993,3.48335671,3.54883742,3.91961002,3.84530854,3.82975197,4.04010868,4.47436905,4.13153267,4.11103821,4.11570501,4.22399569,4.19368887,5.09874439,,
Bahrain,BHR,Domestic general government health expenditure (% of GDP),SH.XPD.GHED.GD.ZS,,,,,,,,,,,,,,,,,,,,,,,,,,,,,,,,,,,,,,,,,2.3711853,2.49878359,2.62110639,2.56393409,2.3555398,2.27699614,2.15710616,2.11737251,2.08907962,2.86230993,2.6662631,2.52518535,2.68348098,2.80836272,2.86725354,3.23580289,2.98268986,2.5667879,2.42827972,2.3075155,2.96118394,,
"Bahamas, The",BHS,Domestic general government health expenditure (% of GDP),SH.XPD.GHED.GD.ZS,,,,,,,,,,,,,,,,,,,,,,,,,,,,,,,,,,,,,,,,,1.50591624,1.56618142,1.50943291,1.62846565,1.611678,1.58765554,1.65727472,1.80025303,2.08452892,2.34723687,2.36928177,2.37497997,2.31367421,2.56913257,2.49743128,2.28325391,2.72011185,3.69670224,3.00421906,3.08020306,4.59830189,,
Bosnia and Herzegovina,BIH,Domestic general government health expenditure (% of GDP),SH.XPD.GHED.GD.ZS,,,,,,,,,,,,,,,,,,,,,,,,,,,,,,,,,,,,,,,,,4.08413935,4.33064938,4.43332863,5.49271965,5.16201019,4.94053459,5.00461149,5.27355051,5.39554214,6.1381669,6.13886786,6.21122313,6.51472664,6.58716393,6.67786932,6.47305202,6.55783081,6.26775646,6.21219349,6.21883726,6.8357625,,
Belarus,BLR,Domestic general government health expenditure (% of GDP),SH.XPD.GHED.GD.ZS,,,,,,,,,,,,,,,,,,,,,,,,,,,,,,,,,,,,,,,,,4.15422821,4.25791645,4.07934141,4.38554096,4.39936543,4.52236795,3.9855392,3.99474669,3.48282266,3.48038435,3.84921932,3.08841538,3.44369793,3.56868172,3.37288022,3.68674207,4.19298792,3.98054695,3.9000001,4.12526941,4.54088545,,
Belize,BLZ,Domestic general government health expenditure (% of GDP),SH.XPD.GHED.GD.ZS,,,,,,,,,,,,,,,,,,,,,,,,,,,,,,,,,,,,,,,,,1.85196733,2.37360358,2.44172215,2.31612515,2.26582146,2.36509275,2.59320211,3.1599319,3.74554896,3.70086288,3.74732089,3.72145414,3.57302713,3.75876546,3.87131286,4.00970364,4.17639303,3.95059657,3.98154259,4.08774805,4.97494507,,
Bermuda,BMU,Domestic general government health expenditure (% of GDP),SH.XPD.GHED.GD.ZS,,,,,,,,,,,,,,,,,,,,,,,,,,,,,,,,,,,,,,,,,,,,,,,,,,,,,,,,,,,,,,,
Bolivia,BOL,Domestic general government health expenditure (% of GDP),SH.XPD.GHED.GD.ZS,,,,,,,,,,,,,,,,,,,,,,,,,,,,,,,,,,,,,,,,,2.43201661,2.61401916,2.60214591,2.75486469,2.53551769,2.7536962,2.61106277,2.7755425,2.70188808,3.15830708,3.05729318,3.02061009,2.9963541,3.26242685,3.69240737,4.30645275,4.4294467,4.44758177,4.79799795,4.89661789,5.64873314,,
Brazil,BRA,Domestic general government health expenditure (% of GDP),SH.XPD.GHED.GD.ZS,,,,,,,,,,,,,,,,,,,,,,,,,,,,,,,,,,,,,,,,,3.47014546,3.51298475,3.6863513,3.50954437,3.46692538,3.34525228,3.54130626,3.48462701,3.50441861,3.70742011,3.57701325,3.46567941,3.35463238,3.55113959,3.69886398,3.85384917,3.94843698,3.9531467,3.88923764,3.91701889,4.6151557,,
Barbados,BRB,Domestic general government health expenditure (% of GDP),SH.XPD.GHED.GD.ZS,,,,,,,,,,,,,,,,,,,,,,,,,,,,,,,,,,,,,,,,,2.76476121,2.94435692,3.13669062,3.75885224,4.34377909,3.8717072,3.70412207,3.29791284,3.58303881,3.90286708,3.62075615,3.34585857,4.30390453,3.80649638,3.28546762,3.2003293,3.15078282,3.0033567,2.93843102,2.77706695,3.74926305,,
Brunei Darussalam,BRN,Domestic general government health expenditure (% of GDP),SH.XPD.GHED.GD.ZS,,,,,,,,,,,,,,,,,,,,,,,,,,,,,,,,,,,,,,,,,2.14734912,2.12138677,2.12148499,2.16172957,2.1231513,1.87143219,1.63552713,1.71080506,1.68886876,2.16198969,2.09004593,1.70617342,1.68712533,1.71973145,1.77395678,2.26836538,2.42138696,2.14750528,2.29566693,2.07140136,2.25119257,,
Bhutan,BTN,Domestic general government health expenditure (% of GDP),SH.XPD.GHED.GD.ZS,,,,,,,,,,,,,,,,,,,,,,,,,,,,,,,,,,,,,,,,,3.54262948,3.53787732,3.32763267,2.85614896,3.0369277,2.64208412,2.46236444,2.66608858,2.33727217,2.6199491,2.56418729,2.45894694,2.51806545,2.55412817,2.45531821,2.78964067,2.6446631,2.48946476,2.57960916,2.65109873,3.4102993,,
Botswana,BWA,Domestic general government health expenditure (% of GDP),SH.XPD.GHED.GD.ZS,,,,,,,,,,,,,,,,,,,,,,,,,,,,,,,,,,,,,,,,,3.2540555,3.50531387,3.76324773,3.60058308,3.4343946,2.86616707,2.79110265,3.12948751,3.66806316,3.41018438,3.60705996,3.60456705,4.09601831,4.15482092,3.99039125,4.13518047,3.83726597,5.01613283,4.14253378,4.37294102,4.6217618,,
Central African Republic,CAF,Domestic general government health expenditure (% of GDP),SH.XPD.GHED.GD.ZS,,,,,,,,,,,,,,,,,,,,,,,,,,,,,,,,,,,,,,,,,1.72009099,1.51679349,1.43429065,1.54273319,1.47439015,1.0352819,1.22703397,1.27104914,0.84664065,0.73179758,0.57491964,0.41448623,0.62262195,0.982925,0.71106249,0.45585203,0.59953427,0.72881997,0.68866509,0.81912857,1.21621466,,
Canada,CAN,Domestic general government health expenditure (% of GDP),SH.XPD.GHED.GD.ZS,,,,,,,,,,,,,,,,,,,,,,,,,,,,,,,,,,,,,,,,,6.00890827,6.27900839,6.41561842,6.59055662,6.62400055,6.59905815,6.4866991,6.57310772,6.70162201,7.52310753,7.48269749,7.31006718,7.40953112,7.36776829,7.24133968,7.59109926,7.68809605,7.57427883,7.57710123,7.6410737,9.70065022,8.7053566,
Central Europe and the Baltics,CEB,Domestic general government health expenditure (% of GDP),SH.XPD.GHED.GD.ZS,,,,,,,,,,,,,,,,,,,,,,,,,,,,,,,,,,,,,,,,,4.219707583,4.364076418,4.580666434,4.770417076,4.620547803,4.66167041,4.542185282,4.47486915,4.693663803,5.045562739,4.984513484,4.744518485,4.697526259,4.87568677,4.813021215,4.720306567,4.780009657,4.806281912,4.884029397,4.968051444,5.53459419,,
Switzerland,CHE,Domestic general government health expenditure (% of GDP),SH.XPD.GHED.GD.ZS,,,,,,,,,,,,,,,,,,,,,,,,,,,,,,,,,,,,,,,,,2.60352111,2.82851839,3.08993149,3.17492461,3.14565587,3.10609841,2.9180789,2.87561703,2.99652123,3.23709249,3.21735024,3.30035782,3.45818734,3.43032241,3.40755963,3.50238061,3.50250435,3.62295151,3.55460477,3.62418461,4.20692682,,
Channel Islands,CHI,Domestic general government health expenditure (% of GDP),SH.XPD.GHED.GD.ZS,,,,,,,,,,,,,,,,,,,,,,,,,,,,,,,,,,,,,,,,,,,,,,,,,,,,,,,,,,,,,,,
Chile,CHL,Domestic general government health expenditure (% of GDP),SH.XPD.GHED.GD.ZS,,,,,,,,,,,,,,,,,,,,,,,,,,,,,,,,,,,,,,,,,2.51822186,2.60041094,2.72779942,2.80481911,2.7236371,2.59216499,2.49547577,2.60964298,2.93380761,3.37831378,3.19127989,3.19340086,3.36552095,3.5473907,3.72688317,3.98668075,4.22976255,4.57049799,4.65451145,4.7519598,5.50038815,5.17123127,
China,CHN,Domestic general government health expenditure (% of GDP),SH.XPD.GHED.GD.ZS,,,,,,,,,,,,,,,,,,,,,,,,,,,,,,,,,,,,,,,,,0.99070781,0.9747563,1.11262381,1.25344622,1.29851866,1.36797953,1.38712025,1.43417549,1.7363745,2.14862132,2.19598818,2.33301282,2.54478717,2.68986797,2.79103708,2.97190666,2.89319348,2.87102771,2.91554713,2.99503422,3.06103563,,
Cote d'Ivoire,CIV,Domestic general government health expenditure (% of GDP),SH.XPD.GHED.GD.ZS,,,,,,,,,,,,,,,,,,,,,,,,,,,,,,,,,,,,,,,,,0.58690333,0.50978744,0.5432992,0.51549661,0.55993617,0.52909446,0.55780327,0.58830017,0.60338157,0.6682319,0.5876016,0.57984018,0.74607903,0.72783405,0.77760935,0.80445981,0.86090869,0.94937867,0.90654171,0.99362508,1.36828649,,
Cameroon,CMR,Domestic general government health expenditure (% of GDP),SH.XPD.GHED.GD.ZS,,,,,,,,,,,,,,,,,,,,,,,,,,,,,,,,,,,,,,,,,0.64510846,0.7802825,0.89175522,0.8576715,0.70553547,0.65208685,0.64810383,0.56892991,0.55071974,0.44800827,0.40635523,0.5729565,0.64008772,0.4803811,0.58977377,0.36383638,0.36593071,0.14120807,0.35133773,0.40687224,0.61334801,,
"Congo, Dem. Rep.",COD,Domestic general government health expenditure (% of GDP),SH.XPD.GHED.GD.ZS,,,,,,,,,,,,,,,,,,,,,,,,,,,,,,,,,,,,,,,,,0.06221094,0.1064139,0.1042934,0.22955486,0.18619408,0.21806876,0.22633339,0.24325021,0.29166108,0.31161404,0.39785832,0.35409075,0.53260952,0.4984341,0.55080944,0.66200727,0.55122471,0.41352713,0.4979623,0.5603224,0.65065557,,
"Congo, Rep.",COG,Domestic general government health expenditure (% of GDP),SH.XPD.GHED.GD.ZS,,,,,,,,,,,,,,,,,,,,,,,,,,,,,,,,,,,,,,,,,0.51469523,0.96511757,0.43198308,0.50115985,0.43517572,0.43213499,0.55492193,0.58651859,1.09928632,0.61770952,0.8283878,0.65133953,0.81893653,0.93664998,0.94694966,1.11883152,1.20435822,0.96620226,0.67168069,1.12474525,1.92865789,,
Colombia,COL,Domestic general government health expenditure (% of GDP),SH.XPD.GHED.GD.ZS,,,,,,,,,,,,,,,,,,,,,,,,,,,,,,,,,,,,,,,,,4.20017815,4.4598279,4.36780405,4.46871901,4.26406574,4.35741234,4.56695986,4.58606243,4.74562693,5.2679739,5.10725737,4.98383522,4.71287298,4.90206432,5.05892658,5.32889223,5.29663372,5.4549818,5.46089888,5.7730794,6.53422785,,
Comoros,COM,Domestic general government health expenditure (% of GDP),SH.XPD.GHED.GD.ZS,,,,,,,,,,,,,,,,,,,,,,,,,,,,,,,,,,,,,,,,,0.89241081,0.53475738,0.9572469,0.85303503,0.7913512,0.69355196,0.64541161,0.5660063,0.43337327,0.37907231,0.37748638,0.9567222,0.79534382,0.65978307,0.55491424,0.46612623,0.57399994,0.67584765,0.76553828,0.83244753,0.77381098,,
Cabo Verde,CPV,Domestic general government health expenditure (% of GDP),SH.XPD.GHED.GD.ZS,,,,,,,,,,,,,,,,,,,,,,,,,,,,,,,,,,,,,,,,,3.16139579,3.46985078,3.46189737,3.30085516,3.12336445,2.95317626,2.97463489,2.97691154,2.45241618,2.77685046,2.8310132,2.86501956,3.07491827,3.05590343,3.04348063,3.17430472,3.08039069,3.28108525,3.20918393,3.24621511,3.70396852,,
Costa Rica,CRI,Domestic general government health expenditure (% of GDP),SH.XPD.GHED.GD.ZS,,,,,,,,,,,,,,,,,,,,,,,,,,,,,,,,,,,,,,,,,4.26218653,4.24420071,4.5927887,4.62578392,4.37697315,4.26226091,4.58488178,4.63239908,5.06513548,5.57623196,5.80644417,5.70106649,5.503479,5.45445585,5.44291878,5.51982594,5.36528826,5.1788969,5.27453423,5.23799706,5.64065933,,
Caribbean small states,CSS,Domestic general government health expenditure (% of GDP),SH.XPD.GHED.GD.ZS,,,,,,,,,,,,,,,,,,,,,,,,,,,,,,,,,,,,,,,,,2.202937626,2.058980328,2.234131159,2.090031639,2.220553586,2.209727971,2.066543441,2.21894325,2.23784286,2.662905812,2.601816459,2.560398645,2.537504467,2.669788057,2.666066568,2.99277709,3.207282495,3.465477507,3.309591133,3.375217682,3.928472539,,
Cuba,CUB,Domestic general government health expenditure (% of GDP),SH.XPD.GHED.GD.ZS,,,,,,,,,,,,,,,,,,,,,,,,,,,,,,,,,,,,,,,,,5.50884342,5.6706562,5.72780991,5.64911461,5.4684186,7.43015385,7.08049011,9.8824482,10.29249096,11.28293419,9.70249748,10.06710052,8.06292343,9.1383667,10.95757103,11.57496357,10.94801617,10.23550797,9.77754307,9.86756992,11.36566067,,
Curacao,CUW,Domestic general government health expenditure (% of GDP),SH.XPD.GHED.GD.ZS,,,,,,,,,,,,,,,,,,,,,,,,,,,,,,,,,,,,,,,,,,,,,,,,,,,,,,,,,,,,,,,
Cayman Islands,CYM,Domestic general government health expenditure (% of GDP),SH.XPD.GHED.GD.ZS,,,,,,,,,,,,,,,,,,,,,,,,,,,,,,,,,,,,,,,,,,,,,,,,,,,,,,,,,,,,,,,
Cyprus,CYP,Domestic general government health expenditure (% of GDP),SH.XPD.GHED.GD.ZS,,,,,,,,,,,,,,,,,,,,,,,,,,,,,,,,,,,,,,,,,2.18027377,2.233531,2.49221182,2.47707176,2.23180842,2.25430155,2.34010673,2.31242609,2.50266337,2.74965072,2.98153758,3.05716181,3.00964808,3.16395736,2.95597911,2.86666012,2.80833411,2.75550628,2.87702394,3.83588576,6.33430815,,
Czechia,CZE,Domestic general government health expenditure (% of GDP),SH.XPD.GHED.GD.ZS,,,,,,,,,,,,,,,,,,,,,,,,,,,,,,,,,,,,,,,,,5.05704689,5.12704372,5.44065952,5.70741272,5.56338072,5.40408373,5.2702322,5.01563358,5.12718487,6.00805569,5.71528721,5.79820013,5.83021832,6.4410243,6.2726655,5.91782522,5.81872368,6.20310163,6.31673288,6.43899822,8.07736492,,
Germany,DEU,Domestic general government health expenditure (% of GDP),SH.XPD.GHED.GD.ZS,,,,,,,,,,,,,,,,,,,,,,,,,,,,,,,,,,,,,,,,,7.73300314,7.75525427,7.92509031,8.05197239,7.70017481,7.80322599,7.65903044,7.55503988,7.7165823,8.50175571,8.39849472,8.12835026,8.18770885,8.4049654,8.48884487,8.60692406,8.68167686,8.78484631,8.85075378,9.02511978,10.05796528,,
Djibouti,DJI,Domestic general government health expenditure (% of GDP),SH.XPD.GHED.GD.ZS,,,,,,,,,,,,,,,,,,,,,,,,,,,,,,,,,,,,,,,,,1.4109472,1.25185072,1.28663254,1.50417197,1.43899679,1.39764392,1.7263062,1.73555219,1.8316139,1.90513945,1.85769463,2.14388585,1.89016581,1.80735004,1.76380634,1.69297981,1.32228565,1.14448977,1.11786377,0.97343284,1.00633943,,
Dominica,DMA,Domestic general government health expenditure (% of GDP),SH.XPD.GHED.GD.ZS,,,,,,,,,,,,,,,,,,,,,,,,,,,,,,,,,,,,,,,,,3.36023808,2.57100463,2.43640971,2.70172191,2.57288575,2.79434156,2.69501734,2.52050734,2.61492229,2.67258692,2.95949578,3.15106702,3.48056149,3.28141499,3.21116447,3.25268769,3.33051729,3.64280844,4.036623,3.30796671,3.51634693,,
Denmark,DNK,Domestic general government health expenditure (% of GDP),SH.XPD.GHED.GD.ZS,,,,,,,,,,,,,,,,,,,,,,,,,,,,,,,,,,,,,,,,,6.73534012,7.04638386,7.29320812,7.47102213,7.52562666,7.61281252,7.68989229,7.80592728,7.99141836,9.01539803,8.93877125,8.7352457,8.87701893,8.72416973,8.70544338,8.7154789,8.6299839,8.47816181,8.45675373,8.4725647,8.93393898,9.26435947,
Dominican Republic,DOM,Domestic general government health expenditure (% of GDP),SH.XPD.GHED.GD.ZS,,,,,,,,,,,,,,,,,,,,,,,,,,,,,,,,,,,,,,,,,1.71051323,1.70341122,1.67955506,1.15990651,1.14767253,1.39308929,1.40171933,1.68479145,2.12083244,2.3301568,2.51638484,2.72521138,2.76371336,2.77817011,2.46088839,2.36797523,2.66466618,2.68220282,2.52541804,2.59220481,3.24332738,,
Algeria,DZA,Domestic general government health expenditure (% of GDP),SH.XPD.GHED.GD.ZS,,,,,,,,,,,,,,,,,,,,,,,,,,,,,,,,,,,,,,,,,2.51082778,2.9254992,2.8079257,2.7617898,2.52882004,2.24167132,2.29699397,2.66687727,3.02516317,3.79895926,3.55552173,3.71975923,4.37614059,4.28830338,4.71454287,4.9170022,4.47245169,4.14140797,4.05819464,4.06651545,3.95616674,,
East Asia & Pacific (excluding high income),EAP,Domestic general government health expenditure (% of GDP),SH.XPD.GHED.GD.ZS,,,,,,,,,,,,,,,,,,,,,,,,,,,,,,,,,,,,,,,,,1.041257551,1.038121749,1.148794472,1.26947468,1.293590435,1.345690536,1.391215321,1.449619134,1.674958442,2.012470877,2.002895024,2.122311076,2.318209861,2.462867917,2.579879867,2.75699672,2.701582516,2.684735469,2.734470307,2.801952817,2.922257955,,
Early-demographic dividend,EAR,Domestic general government health expenditure (% of GDP),SH.XPD.GHED.GD.ZS,,,,,,,,,,,,,,,,,,,,,,,,,,,,,,,,,,,,,,,,,2.212397549,2.282311999,2.126477832,2.183263228,2.170906526,2.120152441,2.218019719,2.213619093,2.200660367,2.428333177,2.293102363,2.358249918,2.420026132,2.450727025,2.506266846,2.624496673,2.514419505,2.562940286,2.42595448,2.277574148,2.571209763,,
East Asia & Pacific,EAS,Domestic general government health expenditure (% of GDP),SH.XPD.GHED.GD.ZS,,,,,,,,,,,,,,,,,,,,,,,,,,,,,,,,,,,,,,,,,4.299426509,4.300769545,4.236842669,4.275200944,4.276194835,4.230654756,4.022055113,3.898050003,4.013420094,4.421677191,4.345480079,4.739122104,4.766770354,4.4939243,4.482306273,4.466260798,4.497892591,4.400815132,4.364969854,4.446087604,4.572793789,,
Europe & Central Asia (excluding high income),ECA,Domestic general government health expenditure (% of GDP),SH.XPD.GHED.GD.ZS,,,,,,,,,,,,,,,,,,,,,,,,,,,,,,,,,,,,,,,,,2.875125483,3.090579073,3.315757417,3.290403202,3.152910138,3.147623754,3.179331782,3.146693732,3.227705316,3.684313708,3.259508356,3.107513616,3.181390024,3.146097535,3.161795233,3.075792794,3.10403776,3.065788373,3.108495227,3.293142039,4.51033031,,
Europe & Central Asia,ECS,Domestic general government health expenditure (% of GDP),SH.XPD.GHED.GD.ZS,,,,,,,,,,,,,,,,,,,,,,,,,,,,,,,,,,,,,,,,,5.851858468,6.005589825,6.213426722,6.350621227,6.3253888,6.333354454,6.261428454,6.162520909,6.308944676,6.952609595,6.753111542,6.586565768,6.56242809,6.583164427,6.667627615,6.728411458,6.801293312,6.725583724,6.76329106,6.816317396,7.94763551,,
Ecuador,ECU,Domestic general government health expenditure (% of GDP),SH.XPD.GHED.GD.ZS,,,,,,,,,,,,,,,,,,,,,,,,,,,,,,,,,,,,,,,,,0.96102405,1.25510871,1.41283405,1.6680541,1.73261917,1.68276179,1.81756639,2.04557705,2.09913063,2.38107014,2.83477545,3.06546926,3.43776512,3.82528639,4.11469746,4.31252193,4.41607189,4.54476023,4.92990112,4.82940865,4.9700942,,
"Egypt, Arab Rep.",EGY,Domestic general government health expenditure (% of GDP),SH.XPD.GHED.GD.ZS,,,,,,,,,,,,,,,,,,,,,,,,,,,,,,,,,,,,,,,,,1.73206902,1.84800243,1.8990773,1.66768789,1.57912993,1.5893116,1.74427283,1.56855941,1.53611362,1.53461063,1.36768734,1.47460115,1.35230196,1.43904531,1.48455393,1.66732967,1.65568376,1.7446686,1.42153192,1.36398911,1.39357793,,
Euro area,EMU,Domestic general government health expenditure (% of GDP),SH.XPD.GHED.GD.ZS,,,,,,,,,,,,,,,,,,,,,,,,,,,,,,,,,,,,,,,,,6.422831407,6.525966432,6.683099155,6.810071344,6.783289201,6.868371325,6.801412765,6.717777523,6.969035545,7.575397329,7.540584935,7.394802429,7.424416201,7.484346282,7.50920096,7.515636002,7.575744027,7.548554937,7.55124523,7.583246117,8.593580812,,
Eritrea,ERI,Domestic general government health expenditure (% of GDP),SH.XPD.GHED.GD.ZS,,,,,,,,,,,,,,,,,,,,,,,,,,,,,,,,,,,,,,,,,2.05245161,1.79195142,2.11955547,1.66898465,1.55933774,0.85298669,0.81826532,1.21488249,1.48372126,1.03169298,1.02692962,0.77091086,0.79316747,0.77988005,0.51415247,0.74046409,0.73348004,1.00735629,0.6442942,0.78535897,0.84649795,,
Spain,ESP,Domestic general government health expenditure (% of GDP),SH.XPD.GHED.GD.ZS,,,,,,,,,,,,,,,,,,,,,,,,,,,,,,,,,,,,,,,,,4.91888905,4.87444878,4.89794874,5.37777996,5.46425915,5.5326066,5.64472961,5.72543097,6.1428566,6.83731222,6.7885623,6.73698664,6.60091925,6.43811703,6.38631392,6.50859737,6.40544844,6.31032991,6.32118988,6.45363188,7.84911251,,
Estonia,EST,Domestic general government health expenditure (% of GDP),SH.XPD.GHED.GD.ZS,,,,,,,,,,,,,,,,,,,,,,,,,,,,,,,,,,,,,,,,,3.92763996,3.74119687,3.58449507,3.69835591,3.78625989,3.74142551,3.56107664,3.74054933,4.35971355,5.05453777,4.69232178,4.3640275,4.44167042,4.54079533,4.74082613,4.94316053,4.98726511,4.84846592,4.94593143,5.07566547,5.97475481,,
Ethiopia,ETH,Domestic general government health expenditure (% of GDP),SH.XPD.GHED.GD.ZS,,,,,,,,,,,,,,,,,,,,,,,,,,,,,,,,,,,,,,,,,1.79954576,2.01542306,2.08121538,2.27634931,1.32566774,1.72821617,1.12012768,1.33306754,0.51424921,0.9070071,0.94396311,0.38117546,1.06663179,1.09967208,0.71479559,0.96540898,0.90002954,0.8612687,0.76642609,0.73088509,0.98278511,,
European Union,EUU,Domestic general government health expenditure (% of GDP),SH.XPD.GHED.GD.ZS,,,,,,,,,,,,,,,,,,,,,,,,,,,,,,,,,,,,,,,,,6.31084848,6.420035794,6.584139009,6.722675639,6.679090936,6.745140486,6.669699875,6.579164429,6.805510318,7.407934171,7.351467401,7.266787686,7.304143772,7.37562613,7.388759152,7.37529785,7.432517354,7.400133407,7.400511497,7.421999072,8.364289006,,
Fragile and conflict affected situations,FCS,Domestic general government health expenditure (% of GDP),SH.XPD.GHED.GD.ZS,,,,,,,,,,,,,,,,,,,,,,,,,,,,,,,,,,,,,,,,,1.91441491,2.20224506,2.072263735,2.184368977,2.198455346,1.997094591,2.204105608,2.115675461,1.774979263,1.902218771,1.749034705,1.7609004,1.630335009,1.41229076,1.346272282,1.161639801,1.122104168,1.303274852,1.35315418,1.325686123,1.515466348,,
Finland,FIN,Domestic general government health expenditure (% of GDP),SH.XPD.GHED.GD.ZS,,,,,,,,,,,,,,,,,,,,,,,,,,,,,,,,,,,,,,,,,5.37109375,5.52642822,5.85965395,6.13726616,6.27308273,6.44868755,6.52324486,6.35544634,6.57666588,7.23975039,7.18045282,7.30151653,7.64987421,7.79147577,7.78149414,7.577631,7.29918003,7.11996555,7.10539436,7.35499382,7.81982374,,
Fiji,FJI,Domestic general government health expenditure (% of GDP),SH.XPD.GHED.GD.ZS,,,,,,,,,,,,,,,,,,,,,,,,,,,,,,,,,,,,,,,,,2.63133216,2.08654332,2.20177889,2.22326541,2.21771884,2.41684818,2.47551131,2.46818185,2.21144366,2.19237089,2.18311381,1.88993454,1.91403711,1.87162006,2.0661068,2.09847856,2.09586525,2.11070943,2.45310044,2.49526525,2.56945491,,
France,FRA,Domestic general government health expenditure (% of GDP),SH.XPD.GHED.GD.ZS,,,,,,,,,,,,,,,,,,,,,,,,,,,,,,,,,,,,,,,,,6.97070313,7.06165648,7.31639624,7.32370949,7.38390923,7.41065979,7.40223789,7.33408451,7.4163928,7.97806454,7.9076767,7.85247946,7.94105148,8.01780128,8.11223507,8.26771069,8.61525917,8.59983444,8.49712181,8.34206104,9.36361694,,
Faroe Islands,FRO,Domestic general government health expenditure (% of GDP),SH.XPD.GHED.GD.ZS,,,,,,,,,,,,,,,,,,,,,,,,,,,,,,,,,,,,,,,,,,,,,,,,,,,,,,,,,,,,,,,
"Micronesia, Fed. Sts.",FSM,Domestic general government health expenditure (% of GDP),SH.XPD.GHED.GD.ZS,,,,,,,,,,,,,,,,,,,,,,,,,,,,,,,,,,,,,,,,,1.74815881,1.82439423,1.69748759,2.10741234,2.32524157,2.65960002,2.6138339,2.45827246,2.94638777,2.18535709,2.28946137,3.035074,2.57380128,2.76707244,3.33988428,3.21473765,3.48056126,3.15361023,3.06692934,3.19510603,2.79035926,,
Gabon,GAB,Domestic general government health expenditure (% of GDP),SH.XPD.GHED.GD.ZS,,,,,,,,,,,,,,,,,,,,,,,,,,,,,,,,,,,,,,,,,1.06383789,1.26300132,1.19960451,1.4352864,1.35957062,1.05433249,1.2173816,1.23346996,1.06247222,1.54066849,1.57325745,1.58558345,1.48285842,1.82302928,1.51668847,1.56549394,2.01055074,1.75976336,1.60853541,1.66962576,1.89980304,,
United Kingdom,GBR,Domestic general government health expenditure (% of GDP),SH.XPD.GHED.GD.ZS,,,,,,,,,,,,,,,,,,,,,,,,,,,,,,,,,,,,,,,,,5.50688028,5.76992941,6.13726902,6.35349989,6.69912815,6.82918644,7.03460789,7.03329515,7.34308386,8.13016987,8.04831886,8.01995087,8.00758743,7.91318083,7.90565538,7.84124422,7.84041071,7.70561171,7.73572683,7.9222517,10.02466106,,
Georgia,GEO,Domestic general government health expenditure (% of GDP),SH.XPD.GHED.GD.ZS,,,,,,,,,,,,,,,,,,,,,,,,,,,,,,,,,,,,,,,,,0.82085949,1.13540304,1.12198305,1.14707553,1.17821777,1.20532346,1.18501794,1.09324026,1.53493118,2.04964566,1.93382823,1.40115392,1.56462336,1.85709786,2.18159628,2.64034176,2.93001461,2.62671113,2.80701351,2.7172761,2.77793884,,
Ghana,GHA,Domestic general government health expenditure (% of GDP),SH.XPD.GHED.GD.ZS,,,,,,,,,,,,,,,,,,,,,,,,,,,,,,,,,,,,,,,,,0.77568001,1.0631063,0.69710666,0.82314873,0.72261524,1.4651835,1.47005928,1.64301646,1.74936557,2.16013789,2.36885071,2.35752439,1.97193396,1.85814357,1.40883136,1.5937742,1.3003906,1.06188178,1.34083962,1.38440955,1.98434043,,
Gibraltar,GIB,Domestic general government health expenditure (% of GDP),SH.XPD.GHED.GD.ZS,,,,,,,,,,,,,,,,,,,,,,,,,,,,,,,,,,,,,,,,,,,,,,,,,,,,,,,,,,,,,,,
Guinea,GIN,Domestic general government health expenditure (% of GDP),SH.XPD.GHED.GD.ZS,,,,,,,,,,,,,,,,,,,,,,,,,,,,,,,,,,,,,,,,,0.30125162,0.37107071,0.64011806,0.42212996,0.24164158,0.26129073,0.24835719,0.24066733,0.26959306,0.26025116,0.36297843,0.51036745,0.51431388,0.48858824,0.61152339,0.42931107,0.66374409,0.60066229,0.61740124,0.91611725,0.9703269,,
"Gambia, The",GMB,Domestic general government health expenditure (% of GDP),SH.XPD.GHED.GD.ZS,,,,,,,,,,,,,,,,,,,,,,,,,,,,,,,,,,,,,,,,,0.6015296,0.61059773,0.54214686,0.5868997,0.78081375,0.81679177,0.88458723,0.70619458,0.7288478,0.9055742,0.91823167,1.04374862,1.20622373,1.08376527,1.09228694,0.99829203,1.2897681,1.06097889,1.06939662,1.30072176,1.36467004,,
Guinea-Bissau,GNB,Domestic general government health expenditure (% of GDP),SH.XPD.GHED.GD.ZS,,,,,,,,,,,,,,,,,,,,,,,,,,,,,,,,,,,,,,,,,3.14870167,2.88784122,1.7342999,2.24631,3.22254682,2.6890204,2.48776817,2.52953625,2.21401811,2.66725183,1.03795934,0.43690556,0.50444686,0.55160207,0.59649962,0.53779858,0.48464295,0.49838862,0.55349982,0.53418714,0.71145356,,
Equatorial Guinea,GNQ,Domestic general government health expenditure (% of GDP),SH.XPD.GHED.GD.ZS,,,,,,,,,,,,,,,,,,,,,,,,,,,,,,,,,,,,,,,,,0.31905925,0.18987545,0.15856972,0.19967213,0.16040228,0.20671792,0.2612609,0.28975433,0.29780021,0.58800763,0.45372498,0.40495598,0.5242334,0.42721468,0.47094294,0.55440164,0.69449306,0.59081864,0.62434703,0.64342248,0.84460056,,
Greece,GRC,Domestic general government health expenditure (% of GDP),SH.XPD.GHED.GD.ZS,,,,,,,,,,,,,,,,,,,,,,,,,,,,,,,,,,,,,,,,,4.46380281,5.04882479,4.97795296,5.05799437,4.74509525,5.21023846,5.08809328,5.31898928,5.76758432,6.42686462,6.61249924,6.040277,5.67610359,5.18027735,4.48809004,4.73999214,4.34255171,4.24350309,4.23590899,3.99966383,5.13178682,,
Grenada,GRD,Domestic general government health expenditure (% of GDP),SH.XPD.GHED.GD.ZS,,,,,,,,,,,,,,,,,,,,,,,,,,,,,,,,,,,,,,,,,1.86039817,2.14943409,2.71163964,2.16133189,2.59474087,2.42088819,2.04412723,2.00870275,1.96291316,2.17009425,2.05670786,2.41611266,2.38694572,2.27822328,2.09314442,1.93493712,1.76571214,1.88796365,1.86524379,2.04134059,2.28805852,,
Greenland,GRL,Domestic general government health expenditure (% of GDP),SH.XPD.GHED.GD.ZS,,,,,,,,,,,,,,,,,,,,,,,,,,,,,,,,,,,,,,,,,,,,,,,,,,,,,,,,,,,,,,,
Guatemala,GTM,Domestic general government health expenditure (% of GDP),SH.XPD.GHED.GD.ZS,,,,,,,,,,,,,,,,,,,,,,,,,,,,,,,,,,,,,,,,,1.91270578,1.98154283,1.9446981,2.04141212,2.02383399,1.88113928,2.06657243,1.97883451,2.05419135,2.25974083,2.06138587,1.99347126,2.02626443,2.21485376,2.23796296,2.27820134,2.28762269,2.1993053,2.20251107,2.3772223,2.47590232,,
Guam,GUM,Domestic general government health expenditure (% of GDP),SH.XPD.GHED.GD.ZS,,,,,,,,,,,,,,,,,,,,,,,,,,,,,,,,,,,,,,,,,,,,,,,,,,,,,,,,,,,,,,,
Guyana,GUY,Domestic general government health expenditure (% of GDP),SH.XPD.GHED.GD.ZS,,,,,,,,,,,,,,,,,,,,,,,,,,,,,,,,,,,,,,,,,1.78830874,1.63222313,1.73537362,1.72908437,1.73980319,1.78057218,1.65196764,1.6837045,1.69491982,1.88041246,1.81934333,2.02701139,1.79707813,1.88811839,2.17510056,2.35677791,2.5319159,2.79179382,2.95149112,2.93102026,4.01893854,,
High income,HIC,Domestic general government health expenditure (% of GDP),SH.XPD.GHED.GD.ZS,,,,,,,,,,,,,,,,,,,,,,,,,,,,,,,,,,,,,,,,,5.598793423,5.879691897,6.11407354,6.267629435,6.305396402,6.336111603,6.366804381,6.38913194,6.605037962,7.253526612,7.204784551,7.297456563,7.320061447,7.314480644,7.468031375,7.631680011,7.724111899,7.68059769,7.654774005,7.816926776,9.212258868,,
"Hong Kong SAR, China",HKG,Domestic general government health expenditure (% of GDP),SH.XPD.GHED.GD.ZS,,,,,,,,,,,,,,,,,,,,,,,,,,,,,,,,,,,,,,,,,,,,,,,,,,,,,,,,,,,,,,,
Honduras,HND,Domestic general government health expenditure (% of GDP),SH.XPD.GHED.GD.ZS,,,,,,,,,,,,,,,,,,,,,,,,,,,,,,,,,,,,,,,,,3.02285886,2.49121737,2.54012251,2.61311603,2.45127177,2.91977549,3.27406335,3.33394694,3.31875777,3.96730256,3.69605827,3.89370441,3.3830452,3.4937377,3.19305706,2.94796515,3.09310865,2.85400987,2.84892344,2.87275672,3.43717003,3.41568422,
Heavily indebted poor countries (HIPC),HPC,Domestic general government health expenditure (% of GDP),SH.XPD.GHED.GD.ZS,,,,,,,,,,,,,,,,,,,,,,,,,,,,,,,,,,,,,,,,,1.140824575,1.278899638,1.234050365,1.303908848,1.302205842,1.367122791,1.364960514,1.376208636,1.28509377,1.418643771,1.331115038,1.26218598,1.284352099,1.300340103,1.330295412,1.510281653,1.418278952,1.342992393,1.392537839,1.416123934,1.704456068,,
Croatia,HRV,Domestic general government health expenditure (% of GDP),SH.XPD.GHED.GD.ZS,,,,,,,,,,,,,,,,,,,,,,,,,,,,,,,,,,,,,,,,,6.49740553,5.89122486,4.85556412,5.12591457,5.19807148,5.81916523,5.85759497,6.41076326,6.43173838,6.72011185,6.69001961,6.30423164,6.3646965,5.47827482,5.56410217,5.56926459,5.58271697,5.52650334,5.57184922,5.55397558,6.35798836,,
Haiti,HTI,Domestic general government health expenditure (% of GDP),SH.XPD.GHED.GD.ZS,,,,,,,,,,,,,,,,,,,,,,,,,,,,,,,,,,,,,,,,,0.87098479,0.72717297,0.48891512,0.51697874,0.58639508,0.58343035,0.28958338,0.79249322,0.83237052,0.78221947,0.81272614,0.42167202,0.45754522,0.47550055,0.4683435,0.56089777,0.52977306,0.46510882,0.52653241,0.40745706,0.40528839,,
Hungary,HUN,Domestic general government health expenditure (% of GDP),SH.XPD.GHED.GD.ZS,,,,,,,,,,,,,,,,,,,,,,,,,,,,,,,,,,,,,,,,,4.66643333,4.56684017,4.93060064,5.68199396,5.4004755,5.60050154,5.47047567,4.88202095,4.80067682,4.90810061,4.96056747,4.95188713,4.80347204,4.78818369,4.70014715,4.64467621,4.73053265,4.61160564,4.55037403,4.30161667,5.15515757,,
IBRD only,IBD,Domestic general government health expenditure (% of GDP),SH.XPD.GHED.GD.ZS,,,,,,,,,,,,,,,,,,,,,,,,,,,,,,,,,,,,,,,,,2.19590257,2.217332782,2.18415978,2.244470767,2.257909631,2.277506813,2.363960918,2.384376528,2.51400793,2.751844432,2.649453904,2.67529616,2.736991228,2.813622312,2.866408286,2.969142471,2.900357088,2.924173058,2.908989836,2.952429816,3.235035226,,
IDA & IBRD total,IBT,Domestic general government health expenditure (% of GDP),SH.XPD.GHED.GD.ZS,,,,,,,,,,,,,,,,,,,,,,,,,,,,,,,,,,,,,,,,,2.105495478,2.135307333,2.099716355,2.15931264,2.172926152,2.191971136,2.261504363,2.283617757,2.396337023,2.616123544,2.52244691,2.556213267,2.618502487,2.687753356,2.730790596,2.825902466,2.758385894,2.787219542,2.775963877,2.815183497,3.084067484,,
IDA total,IDA,Domestic general government health expenditure (% of GDP),SH.XPD.GHED.GD.ZS,,,,,,,,,,,,,,,,,,,,,,,,,,,,,,,,,,,,,,,,,1.123707195,1.233429722,1.229630277,1.271668277,1.274439264,1.268784798,1.165638514,1.13979815,1.054921572,1.106566439,1.044876384,0.943030225,1.005462183,1.000876642,0.992992485,1.088282655,1.042552214,1.044482693,1.041190132,1.027461495,1.188856245,,
IDA blend,IDB,Domestic general government health expenditure (% of GDP),SH.XPD.GHED.GD.ZS,,,,,,,,,,,,,,,,,,,,,,,,,,,,,,,,,,,,,,,,,0.910731261,0.983011459,0.857242445,0.860345,0.985822256,0.956511615,0.832959546,0.77388182,0.725883585,0.736634448,0.739957066,0.730607119,0.849645379,0.829541413,0.820466443,0.912508696,0.884423174,0.928817403,0.917335226,0.924280144,1.063647223,,
Indonesia,IDN,Domestic general government health expenditure (% of GDP),SH.XPD.GHED.GD.ZS,,,,,,,,,,,,,,,,,,,,,,,,,,,,,,,,,,,,,,,,,0.54974371,0.77221799,0.67425066,0.81785041,0.74926209,0.73213077,0.83084285,1.01869869,0.89791238,0.92164314,0.66109079,0.70190871,0.76724905,0.81686825,0.99274278,1.15799773,1.37558317,1.34984481,1.395854,1.42156744,1.87949932,,
IDA only,IDX,Domestic general government health expenditure (% of GDP),SH.XPD.GHED.GD.ZS,,,,,,,,,,,,,,,,,,,,,,,,,,,,,,,,,,,,,,,,,1.25138517,1.380966757,1.459657874,1.531929137,1.468670037,1.487822998,1.422185566,1.415522361,1.299539695,1.356415295,1.261538691,1.131602916,1.156666709,1.17205518,1.16727454,1.253763353,1.1773946,1.132204831,1.144124771,1.108956793,1.281478452,,
Isle of Man,IMN,Domestic general government health expenditure (% of GDP),SH.XPD.GHED.GD.ZS,,,,,,,,,,,,,,,,,,,,,,,,,,,,,,,,,,,,,,,,,,,,,,,,,,,,,,,,,,,,,,,
India,IND,Domestic general government health expenditure (% of GDP),SH.XPD.GHED.GD.ZS,,,,,,,,,,,,,,,,,,,,,,,,,,,,,,,,,,,,,,,,,0.83442992,0.80468142,0.77020204,0.75024337,0.71163452,0.76303691,0.7453534,0.73512709,0.79527897,0.89261258,0.85750186,0.93731916,0.93186861,0.86504197,0.85653549,0.92193186,0.94049966,0.96734685,0.98024821,0.98541063,1.08449912,,
Not classified,INX,Domestic general government health expenditure (% of GDP),SH.XPD.GHED.GD.ZS,,,,,,,,,,,,,,,,,,,,,,,,,,,,,,,,,,,,,,,,,,,,,,,,,,,,,,,,,,,,,,,
Ireland,IRL,Domestic general government health expenditure (% of GDP),SH.XPD.GHED.GD.ZS,,,,,,,,,,,,,,,,,,,,,,,,,,,,,,,,,,,,,,,,,4.57260036,5.014184,5.27079201,5.51941919,5.69755459,6.02741861,5.84971762,6.18633509,7.23859835,8.11006927,8.01833725,7.64333248,7.62500095,7.27710915,6.77773857,5.26927996,5.414505,5.21533012,5.09988594,4.98021936,5.597785,5.27459478,
"Iran, Islamic Rep.",IRN,Domestic general government health expenditure (% of GDP),SH.XPD.GHED.GD.ZS,,,,,,,,,,,,,,,,,,,,,,,,,,,,,,,,,,,,,,,,,1.78084624,1.97451782,1.82648432,1.95293641,1.86830163,1.95412374,2.15050554,1.95624924,1.86868119,2.24125862,2.03573728,2.03408742,2.10056233,2.13520288,3.19986582,3.68885517,3.59073091,3.60761547,3.45654869,2.94442177,2.87576437,,
Iraq,IRQ,Domestic general government health expenditure (% of GDP),SH.XPD.GHED.GD.ZS,,,,,,,,,,,,,,,,,,,,,,,,,,,,,,,,,,,,,,,,,,,,1.35636795,2.72581053,2.02030635,1.60889304,2.03766322,2.38125706,2.92355037,2.38663769,2.08887649,1.00895858,1.14635122,1.03747571,0.73074311,0.71533513,1.75485766,1.95333719,2.10135269,2.78829455,,
Iceland,ISL,Domestic general government health expenditure (% of GDP),SH.XPD.GHED.GD.ZS,,,,,,,,,,,,,,,,,,,,,,,,,,,,,,,,,,,,,,,,,7.18854856,7.05830956,7.65274143,7.9075551,7.55137873,7.24719429,6.98110867,6.85141087,6.85962439,7.16391802,6.67772865,6.5628705,6.53846216,6.55948114,6.62376833,6.52118731,6.59988403,6.76293516,6.90136099,7.05892563,7.96202517,8.06042194,
Israel,ISR,Domestic general government health expenditure (% of GDP),SH.XPD.GHED.GD.ZS,,,,,,,,,,,,,,,,,,,,,,,,,,,,,,,,,,,,,,,,,4.28851175,4.52758408,4.57443237,4.42895794,4.33761787,4.26557446,4.30434084,4.1677165,4.25844383,4.31569958,4.39428091,4.35397625,4.43309879,4.46624565,4.49629736,4.50274849,4.53602934,4.6225481,4.71212816,4.8316865,5.89272499,,
Italy,ITA,Domestic general government health expenditure (% of GDP),SH.XPD.GHED.GD.ZS,,,,,,,,,,,,,,,,,,,,,,,,,,,,,,,,,,,,,,,,,5.49627781,5.77401066,5.89694309,5.90086746,6.22569847,6.46201944,6.55959702,6.30452633,6.62789536,7.00957918,6.99493837,6.7571559,6.66466093,6.64814234,6.68862152,6.59266424,6.49173594,6.39856386,6.41253042,6.38360453,7.32908154,,
Jamaica,JAM,Domestic general government health expenditure (% of GDP),SH.XPD.GHED.GD.ZS,,,,,,,,,,,,,,,,,,,,,,,,,,,,,,,,,,,,,,,,,3.18738079,2.40047431,2.76125169,2.04667425,2.47339988,2.23363185,2.00050378,2.66426182,2.95135403,2.94776607,3.04630113,3.09656906,2.78247046,2.97220016,3.06121469,3.55884409,3.62554812,4.06524467,3.88880324,3.97861576,4.49590921,,
Jordan,JOR,Domestic general government health expenditure (% of GDP),SH.XPD.GHED.GD.ZS,,,,,,,,,,,,,,,,,,,,,,,,,,,,,,,,,,,,,,,,,4.20303917,4.37366676,4.4390521,4.11859417,3.44000959,4.44372034,4.0058136,4.5643487,5.13681602,6.18757915,5.45029831,5.49565887,5.03539467,4.41074276,4.64796257,3.99459696,3.47255588,3.57597756,3.83572769,3.86783719,3.71250176,,
Japan,JPN,Domestic general government health expenditure (% of GDP),SH.XPD.GHED.GD.ZS,,,,,,,,,,,,,,,,,,,,,,,,,,,,,,,,,,,,,,,,,5.65793514,5.86137772,5.93724489,5.98652935,6.04880905,6.2159934,6.17422724,6.32067204,6.56596708,7.282969,7.42507124,8.78255081,8.9568243,8.99433517,9.02501678,9.03866768,8.95745564,8.97414494,9.00234032,9.04153156,9.18607235,,
Kazakhstan,KAZ,Domestic general government health expenditure (% of GDP),SH.XPD.GHED.GD.ZS,,,,,,,,,,,,,,,,,,,,,,,,,,,,,,,,,,,,,,,,,2.11958146,1.96616614,1.93378139,2.04059863,2.32005072,2.53249097,2.31393433,1.79149234,2.26626062,2.65606952,1.84399521,1.84243858,2.06988883,1.84699547,2.13331342,1.91990709,2.04025173,1.89267051,1.71429658,1.67075241,2.50674272,,
Kenya,KEN,Domestic general government health expenditure (% of GDP),SH.XPD.GHED.GD.ZS,,,,,,,,,,,,,,,,,,,,,,,,,,,,,,,,,,,,,,,,,0.68693274,0.75107551,0.7558437,0.78810853,0.79468918,0.82510209,0.8378908,0.92616576,1.15410376,1.4598949,1.56062746,1.60566163,1.62624443,1.66091359,1.83768213,1.92388499,2.03529072,1.71156442,1.7670722,2.00519562,2.03427505,,
Kyrgyz Republic,KGZ,Domestic general government health expenditure (% of GDP),SH.XPD.GHED.GD.ZS,,,,,,,,,,,,,,,,,,,,,,,,,,,,,,,,,,,,,,,,,2.13439822,2.00316715,2.21980453,2.26654911,2.33701825,3.79884839,4.21177483,3.08531475,2.89586782,3.48071551,3.41518092,3.69314909,4.22100592,3.94686103,2.74904537,2.71162796,2.49723411,2.34767461,2.42471886,2.31117272,2.35807395,,
Cambodia,KHM,Domestic general government health expenditure (% of GDP),SH.XPD.GHED.GD.ZS,,,,,,,,,,,,,,,,,,,,,,,,,,,,,,,,,,,,,,,,,1.2926054,1.1849401,1.40065992,1.48519886,1.3727535,1.22052515,0.95991379,0.97199386,1.02431214,1.21738589,1.36283255,1.27987134,1.40670311,1.41955829,1.23977196,1.34465146,1.33381462,1.51738608,1.65213394,1.6762718,2.07794261,,
Kiribati,KIR,Domestic general government health expenditure (% of GDP),SH.XPD.GHED.GD.ZS,,,,,,,,,,,,,,,,,,,,,,,,,,,,,,,,,,,,,,,,,8.35801697,11.8736887,11.40624046,10.25741005,12.06273365,11.09584999,9.60938358,9.15723228,10.5,8.59411812,8.46745586,8.1771431,7.67759562,7.81675386,8.31472111,6.83700418,7.41374016,8.0213871,8.86875629,9.37129021,9.29323101,,
St. Kitts and Nevis,KNA,Domestic general government health expenditure (% of GDP),SH.XPD.GHED.GD.ZS,,,,,,,,,,,,,,,,,,,,,,,,,,,,,,,,,,,,,,,,,2.01197886,1.91941488,1.92994869,2.09647655,2.16082859,2.22139931,2.23068857,2.08316684,1.79803109,1.9731133,1.95976007,1.90999293,1.96238184,1.91925764,1.94226372,1.93635416,2.17601013,2.186759,2.24515104,2.42979836,2.74555492,,
"Korea, Rep.",KOR,Domestic general government health expenditure (% of GDP),SH.XPD.GHED.GD.ZS,,,,,,,,,,,,,,,,,,,,,,,,,,,,,,,,,,,,,,,,,1.96156323,2.47662234,2.35344291,2.47796965,2.48939943,2.63443613,2.91707134,3.01493216,3.09052038,3.42186928,3.51182413,3.51881123,3.53646016,3.61362767,3.71141768,3.81570315,3.97724867,4.11588812,4.40991306,4.84622097,5.10320282,,
Kuwait,KWT,Domestic general government health expenditure (% of GDP),SH.XPD.GHED.GD.ZS,,,,,,,,,,,,,,,,,,,,,,,,,,,,,,,,,,,,,,,,,1.59847891,2.51523924,2.39986205,2.12393045,1.79756808,1.53422332,1.39375639,1.47248399,1.50249875,2.2079618,2.25556993,1.97078466,1.9472518,2.08904266,2.466609,3.57679915,4.03627825,3.98828077,4.57789421,4.72437525,5.67045593,,
Latin America & Caribbean (excluding high income),LAC,Domestic general government health expenditure (% of GDP),SH.XPD.GHED.GD.ZS,,,,,,,,,,,,,,,,,,,,,,,,,,,,,,,,,,,,,,,,,3.054713681,3.070021341,2.942036531,3.02440332,3.092279101,3.091287351,3.180817804,3.304541306,3.409926776,3.792181894,3.702692266,3.687603559,3.68455734,3.850206888,3.913458172,4.194869902,4.046683897,4.160285005,3.985085908,3.996277304,4.689531459,,
Lao PDR,LAO,Domestic general government health expenditure (% of GDP),SH.XPD.GHED.GD.ZS,,,,,,,,,,,,,,,,,,,,,,,,,,,,,,,,,,,,,,,,,1.23305964,1.3295666,1.01875496,1.09625208,0.79425544,0.90671808,0.64221585,0.57034886,0.51332533,1.14663947,0.60363603,0.36693901,0.43670169,0.71266264,0.68373317,0.86391306,0.76494843,0.88887793,0.86922854,0.96037757,1.15479565,,
Lebanon,LBN,Domestic general government health expenditure (% of GDP),SH.XPD.GHED.GD.ZS,,,,,,,,,,,,,,,,,,,,,,,,,,,,,,,,,,,,,,,,,3.22929931,3.45263052,3.04984355,2.93956637,2.96955347,2.89969206,3.55163956,3.51309872,3.07543588,2.67676353,2.99847841,3.57470489,3.04558134,3.11877799,3.5689652,3.31204677,3.65501738,3.60590625,3.70927978,3.54157805,2.63267303,,
Liberia,LBR,Domestic general government health expenditure (% of GDP),SH.XPD.GHED.GD.ZS,,,,,,,,,,,,,,,,,,,,,,,,,,,,,,,,,,,,,,,,,0.75365371,0.79743177,0.489272,0.53112721,0.69138062,0.5750863,0.70209312,0.82278156,1.36923027,0.96483052,0.79877245,1.51829386,0.87157464,0.34247521,0.82515347,1.20535016,1.39315951,1.38745701,1.68725502,1.35628378,1.58623326,,
Libya,LBY,Domestic general government health expenditure (% of GDP),SH.XPD.GHED.GD.ZS,,,,,,,,,,,,,,,,,,,,,,,,,,,,,,,,,,,,,,,,,1.66848433,2.20700526,3.27200246,2.71631217,2.29707551,1.67952859,1.64355707,1.62192404,1.78327763,2.94994569,2.5075686,3.82936358,,,,,,,,,,,
St. Lucia,LCA,Domestic general government health expenditure (% of GDP),SH.XPD.GHED.GD.ZS,,,,,,,,,,,,,,,,,,,,,,,,,,,,,,,,,,,,,,,,,1.67297924,1.78606796,1.82824528,1.64152479,1.56839085,1.60206175,1.55923831,1.55186641,1.59290409,1.8142674,1.81050265,1.80622673,2.02928877,2.06810927,1.90737212,1.98947001,1.9628458,2.03936791,1.97775233,2.05673742,2.84342837,,
Latin America & Caribbean,LCN,Domestic general government health expenditure (% of GDP),SH.XPD.GHED.GD.ZS,,,,,,,,,,,,,,,,,,,,,,,,,,,,,,,,,,,,,,,,,3.057206182,3.090369625,2.975638555,3.057650824,3.111248203,3.051508682,3.225406886,3.315383968,3.331750327,3.68542002,3.603612418,3.639717585,3.624921257,3.743659191,3.7675192,4.190329709,4.076760776,4.2033537,4.049252043,4.065099969,4.765168056,,
Least developed countries: UN classification,LDC,Domestic general government health expenditure (% of GDP),SH.XPD.GHED.GD.ZS,,,,,,,,,,,,,,,,,,,,,,,,,,,,,,,,,,,,,,,,,0.970840122,1.096430531,1.091441784,1.174237506,1.211087165,1.177108343,1.193876161,1.224907524,1.199336967,1.256569312,1.06853688,1.006030469,1.031477071,1.046775813,1.037781571,1.086599115,0.996317995,0.992498735,0.94630175,0.927420915,1.045611963,,
Low income,LIC,Domestic general government health expenditure (% of GDP),SH.XPD.GHED.GD.ZS,,,,,,,,,,,,,,,,,,,,,,,,,,,,,,,,,,,,,,,,,1.076129477,1.264488607,1.192533847,1.321809063,1.334282097,1.31415591,1.27091473,1.300255288,1.08562763,1.275164521,1.191158513,1.037733256,1.097417266,1.096896452,1.211113897,1.347213522,1.173137614,1.100005016,1.094352927,1.027976581,1.277673131,,
Liechtenstein,LIE,Domestic general government health expenditure (% of GDP),SH.XPD.GHED.GD.ZS,,,,,,,,,,,,,,,,,,,,,,,,,,,,,,,,,,,,,,,,,,,,,,,,,,,,,,,,,,,,,,,
Sri Lanka,LKA,Domestic general government health expenditure (% of GDP),SH.XPD.GHED.GD.ZS,,,,,,,,,,,,,,,,,,,,,,,,,,,,,,,,,,,,,,,,,2.27740312,2.20427012,2.23059106,2.07616782,2.20044851,2.11068869,2.0282886,1.9162128,1.7221359,1.70255017,1.56387675,1.58128619,1.43723977,1.73812664,1.61314976,1.7099427,1.66631913,1.47440422,1.78758264,1.49971151,1.86251867,,
Lower middle income,LMC,Domestic general government health expenditure (% of GDP),SH.XPD.GHED.GD.ZS,,,,,,,,,,,,,,,,,,,,,,,,,,,,,,,,,,,,,,,,,1.193645357,1.265809289,1.197689038,1.218755227,1.206298483,1.250745757,1.293180105,1.283934997,1.316998704,1.392064327,1.276179782,1.322406883,1.386049443,1.366816591,1.422214902,1.484613493,1.501514931,1.494613733,1.441590317,1.405454325,1.580896291,,
Low & middle income,LMY,Domestic general government health expenditure (% of GDP),SH.XPD.GHED.GD.ZS,,,,,,,,,,,,,,,,,,,,,,,,,,,,,,,,,,,,,,,,,2.012952907,2.023611623,1.98512975,2.046570211,2.065063017,2.100012651,2.150672438,2.181015568,2.303132448,2.544159976,2.449764364,2.498666527,2.566483337,2.645595771,2.701358725,2.793885953,2.717235094,2.738248745,2.718311783,2.75728543,3.029016567,,
Lesotho,LSO,Domestic general government health expenditure (% of GDP),SH.XPD.GHED.GD.ZS,,,,,,,,,,,,,,,,,,,,,,,,,,,,,,,,,,,,,,,,,3.16541862,3.98203588,3.55323148,3.55934095,3.45442104,2.62968826,3.45184112,4.63943148,4.36957884,4.8653245,4.71744442,5.37134027,4.82419586,4.65022707,4.95433474,5.3127594,5.07786608,5.562922,5.26642847,5.01617813,6.09236574,,
Late-demographic dividend,LTE,Domestic general government health expenditure (% of GDP),SH.XPD.GHED.GD.ZS,,,,,,,,,,,,,,,,,,,,,,,,,,,,,,,,,,,,,,,,,2.26804988,2.291639732,2.396636055,2.434568497,2.421190132,2.464911106,2.4951895,2.524790849,2.693743687,2.979196623,2.87265104,2.855793899,2.918897912,3.029422132,3.102141441,3.183336142,3.156339119,3.142591686,3.157112002,3.23920204,3.535545054,,
Lithuania,LTU,Domestic general government health expenditure (% of GDP),SH.XPD.GHED.GD.ZS,,,,,,,,,,,,,,,,,,,,,,,,,,,,,,,,,,,,,,,,,4.16960144,4.22167063,4.47399569,4.59732485,3.45169044,3.4285953,3.6484623,3.79473877,4.45161343,5.29426765,4.8445034,4.56299257,4.18076372,4.01803207,4.12314367,4.28938293,4.36463356,4.21900225,4.30956507,4.55533361,5.17632532,,
Luxembourg,LUX,Domestic general government health expenditure (% of GDP),SH.XPD.GHED.GD.ZS,,,,,,,,,,,,,,,,,,,,,,,,,,,,,,,,,,,,,,,,,4.93300676,5.36152744,5.67507315,5.83644247,6.15188742,5.99415827,5.56112909,5.25702858,5.46154928,6.02683735,5.72467899,5.0190835,4.4276371,4.39057875,4.40729094,4.29385996,4.28179646,4.35383892,4.46583462,4.67248201,5.03534985,4.67554569,
Latvia,LVA,Domestic general government health expenditure (% of GDP),SH.XPD.GHED.GD.ZS,,,,,,,,,,,,,,,,,,,,,,,,,,,,,,,,,,,,,,,,,2.75761819,2.81179237,2.85718036,2.73035383,3.48408985,3.24858189,3.51022673,3.3554647,3.36912656,3.63714218,3.66973138,3.63459969,3.26510525,3.24601078,3.26013923,3.31676984,3.42512989,3.41016722,3.69562984,3.96306682,4.7241993,,
"Macao SAR, China",MAC,Domestic general government health expenditure (% of GDP),SH.XPD.GHED.GD.ZS,,,,,,,,,,,,,,,,,,,,,,,,,,,,,,,,,,,,,,,,,,,,,,,,,,,,,,,,,,,,,,,
St. Martin (French part),MAF,Domestic general government health expenditure (% of GDP),SH.XPD.GHED.GD.ZS,,,,,,,,,,,,,,,,,,,,,,,,,,,,,,,,,,,,,,,,,,,,,,,,,,,,,,,,,,,,,,,
Morocco,MAR,Domestic general government health expenditure (% of GDP),SH.XPD.GHED.GD.ZS,,,,,,,,,,,,,,,,,,,,,,,,,,,,,,,,,,,,,,,,,1.01345837,1.08517265,1.17012322,1.07994711,1.09396338,1.19317436,1.82198536,1.95485222,2.04284,2.30105686,2.3400414,2.44000411,2.52345729,2.51814461,2.27032304,2.16306591,2.16552782,2.14111829,2.14311552,2.17618108,2.60883594,,
Monaco,MCO,Domestic general government health expenditure (% of GDP),SH.XPD.GHED.GD.ZS,,,,,,,,,,,,,,,,,,,,,,,,,,,,,,,,,,,,,,,,,1.38950801,1.41287422,1.43587124,1.68862295,1.72502542,1.71566021,1.63256967,1.43369567,1.55009162,1.85140824,1.89827108,1.76817954,1.81689394,1.74396694,1.69046283,1.64066243,1.39201593,1.40973783,1.36811876,1.30281782,1.45236254,,
Moldova,MDA,Domestic general government health expenditure (% of GDP),SH.XPD.GHED.GD.ZS,,,,,,,,,,,,,,,,,,,,,,,,,,,,,,,,,,,,,,,,,2.90143156,2.86584091,3.54672813,3.2140553,5.30847454,5.03950357,5.19462681,5.62990999,5.27913141,5.83283806,4.64634132,4.24517536,4.43541145,4.05499315,4.25988245,3.89704299,3.67679572,3.54974651,3.72367048,3.8010087,4.39417887,,
Madagascar,MDG,Domestic general government health expenditure (% of GDP),SH.XPD.GHED.GD.ZS,,,,,,,,,,,,,,,,,,,,,,,,,,,,,,,,,,,,,,,,,1.76788867,1.87928021,1.78953421,2.13789701,2.19151831,1.93915892,1.88154292,1.88316464,1.39414191,1.2360847,1.86783457,1.67813444,1.48979211,1.30425918,1.74814212,1.99010992,2.37194586,2.24615121,1.50361967,1.22160137,1.4370451,,
Maldives,MDV,Domestic general government health expenditure (% of GDP),SH.XPD.GHED.GD.ZS,,,,,,,,,,,,,,,,,,,,,,,,,,,,,,,,,,,,,,,,,2.56440163,2.67766237,2.54975939,2.1482141,2.31102347,2.96756434,2.95987701,3.91466451,6.397439,5.82381439,4.49513102,3.67702603,4.20904255,4.29976511,4.904356,6.2659812,7.42592859,6.60353518,5.74712229,6.00140381,9.07674503,,
Middle East & North Africa,MEA,Domestic general government health expenditure (% of GDP),SH.XPD.GHED.GD.ZS,,,,,,,,,,,,,,,,,,,,,,,,,,,,,,,,,,,,,,,,,2.4153893,2.653290547,2.61799047,2.524930071,2.341843234,2.212324712,2.229693003,2.206159722,2.126767598,2.645588088,2.409075901,2.490193901,2.48110777,2.664507307,3.031500216,3.288420963,3.379411119,3.442816083,3.250250384,3.041803513,3.588281211,,
Mexico,MEX,Domestic general government health expenditure (% of GDP),SH.XPD.GHED.GD.ZS,,,,,,,,,,,,,,,,,,,,,,,,,,,,,,,,,,,,,,,,,2.01177883,2.10927391,2.16505718,2.4137032,2.58744621,2.46497631,2.4219811,2.52675939,2.61655521,2.86067653,2.8809936,2.91415977,3.00721955,3.12253189,2.89231014,2.98734331,2.84779787,2.75801349,2.67172027,2.67778802,3.30063844,,
Marshall Islands,MHL,Domestic general government health expenditure (% of GDP),SH.XPD.GHED.GD.ZS,,,,,,,,,,,,,,,,,,,,,,,,,,,,,,,,,,,,,,,,,9.6590271,7.94652939,6.33025169,6.00762606,6.57158852,5.64226294,4.22558594,7.22997952,5.55293751,5.50679922,4.55618143,5.87766457,6.04399681,6.63874435,5.88222218,6.47802925,6.95125341,6.2037673,7.34779596,6.81249571,6.33655882,,
Middle income,MIC,Domestic general government health expenditure (% of GDP),SH.XPD.GHED.GD.ZS,,,,,,,,,,,,,,,,,,,,,,,,,,,,,,,,,,,,,,,,,2.031433528,2.033626255,1.991760485,2.050631224,2.074759579,2.112635469,2.169682931,2.200200122,2.332079041,2.57880304,2.482995158,2.524598718,2.589573482,2.668443314,2.725156782,2.818051904,2.740333812,2.76369065,2.738681671,2.778745381,3.051975537,,
North Macedonia,MKD,Domestic general government health expenditure (% of GDP),SH.XPD.GHED.GD.ZS,,,,,,,,,,,,,,,,,,,,,,,,,,,,,,,,,,,,,,,,,4.71220732,4.55789852,4.73120594,4.95398092,4.71959162,4.3757925,4.21515989,4.04007626,4.23244715,4.0919199,4.06657267,4.05699444,4.13496399,4.41111708,4.01871777,4.11930132,4.0607338,3.75674939,3.75730491,4.25745583,4.76490688,,
Mali,MLI,Domestic general government health expenditure (% of GDP),SH.XPD.GHED.GD.ZS,,,,,,,,,,,,,,,,,,,,,,,,,,,,,,,,,,,,,,,,,1.293167,1.05400586,1.10979891,1.41241956,1.58849609,1.39720726,1.22405636,0.99671519,0.71615696,0.66754013,0.6689294,0.60476297,0.41352269,0.81583834,0.89173758,0.91927379,1.20876825,1.17751467,1.15118277,1.31228375,1.4803977,,
Malta,MLT,Domestic general government health expenditure (% of GDP),SH.XPD.GHED.GD.ZS,,,,,,,,,,,,,,,,,,,,,,,,,,,,,,,,,,,,,,,,,4.7191391,4.80657053,5.42563534,5.51436043,5.59697676,5.98918438,6.03368521,5.45740271,5.09184647,5.14409876,5.13512707,5.44435787,5.49935484,5.73996449,5.59774208,5.41260624,5.6511178,5.48946762,5.43748474,5.77544117,7.22626591,,
Myanmar,MMR,Domestic general government health expenditure (% of GDP),SH.XPD.GHED.GD.ZS,,,,,,,,,,,,,,,,,,,,,,,,,,,,,,,,,,,,,,,,,0.26258978,0.24215333,0.3588208,0.24302946,0.25223461,0.1699087,0.26902616,0.20322418,0.17093377,0.18705817,0.19247183,0.23041078,0.41500768,0.60410881,1.06255651,1.2047013,0.71513724,0.75167263,0.72659922,0.73722625,0.73733534,,
Middle East & North Africa (excluding high income),MNA,Domestic general government health expenditure (% of GDP),SH.XPD.GHED.GD.ZS,,,,,,,,,,,,,,,,,,,,,,,,,,,,,,,,,,,,,,,,,1.895749616,2.124608401,2.184546026,2.143465758,2.0610135,1.982836645,2.03656397,2.045028908,2.08167306,2.372869108,2.176270692,2.333557023,2.229672083,2.281588545,2.660149819,2.741480303,2.745975049,2.943723597,2.737105982,2.531928078,2.558211967,,
Montenegro,MNE,Domestic general government health expenditure (% of GDP),SH.XPD.GHED.GD.ZS,,,,,,,,,,,,,,,,,,,,,,,,,,,,,,,,,,,,,,,,,,,,,,,,,,,,4.85758018,5.30493546,4.89767981,4.85656452,5.39562225,5.18993425,4.58153057,4.96868992,5.06746101,7.13466835,,
Mongolia,MNG,Domestic general government health expenditure (% of GDP),SH.XPD.GHED.GD.ZS,,,,,,,,,,,,,,,,,,,,,,,,,,,,,,,,,,,,,,,,,4.23052979,3.50031018,3.56779337,2.78668427,2.65612745,2.27265334,2.49134016,2.88185477,3.21819425,3.10174918,2.44484377,2.13192797,2.34510446,2.28476501,2.40595388,2.4089644,2.51025772,2.46228957,2.21002984,2.47046423,3.15984797,,
Northern Mariana Islands,MNP,Domestic general government health expenditure (% of GDP),SH.XPD.GHED.GD.ZS,,,,,,,,,,,,,,,,,,,,,,,,,,,,,,,,,,,,,,,,,,,,,,,,,,,,,,,,,,,,,,,
Mozambique,MOZ,Domestic general government health expenditure (% of GDP),SH.XPD.GHED.GD.ZS,,,,,,,,,,,,,,,,,,,,,,,,,,,,,,,,,,,,,,,,,1.1387012,1.37296844,1.2326442,1.22760653,1.16731966,1.48059738,1.18389058,1.21262467,1.24205959,1.31300271,1.2781167,1.27621472,1.26101863,1.51853013,1.74078834,1.81552148,1.74219394,1.74276435,1.80703926,1.84061074,2.41862082,,
Mauritania,MRT,Domestic general government health expenditure (% of GDP),SH.XPD.GHED.GD.ZS,,,,,,,,,,,,,,,,,,,,,,,,,,,,,,,,,,,,,,,,,0.46969447,0.54510015,0.87326568,0.7719968,0.70654863,0.81955862,0.67619681,0.76387841,0.8877672,0.87885523,0.73150158,0.74974972,0.89773965,1.08287692,1.25234473,1.41883922,1.19934916,1.23122656,1.34660971,1.24437451,1.34919083,,
Mauritius,MUS,Domestic general government health expenditure (% of GDP),SH.XPD.GHED.GD.ZS,,,,,,,,,,,,,,,,,,,,,,,,,,,,,,,,,,,,,,,,,1.55006421,1.59244609,1.70967305,1.69130635,1.82723427,1.7179749,1.64005268,1.49295294,1.40839171,1.60115862,2.02170277,1.77170992,1.90073168,1.95769048,2.47630405,2.37549067,2.5174036,2.55904102,2.57791424,2.91687322,3.4760139,,
Malawi,MWI,Domestic general government health expenditure (% of GDP),SH.XPD.GHED.GD.ZS,,,,,,,,,,,,,,,,,,,,,,,,,,,,,,,,,,,,,,,,,1.01542294,0.83659285,0.97493625,1.17513871,0.85772187,1.05274868,0.9437108,0.73458099,1.3674773,1.0557555,1.13196635,1.15239477,0.95642853,1.48205006,1.56810546,1.89914215,1.91101837,1.71919668,1.67992616,1.67412877,1.97010148,,
Malaysia,MYS,Domestic general government health expenditure (% of GDP),SH.XPD.GHED.GD.ZS,,,,,,,,,,,,,,,,,,,,,,,,,,,,,,,,,,,,,,,,,1.17325473,1.35141993,1.36677563,1.51884329,1.45687652,1.36280441,1.67488027,1.62477779,1.59730816,1.81166101,1.67910564,1.76482272,1.86487269,1.89357972,2.03088164,2.03347373,1.88870478,1.92218649,1.92697287,2.00904131,2.17579722,,
North America,NAC,Domestic general government health expenditure (% of GDP),SH.XPD.GHED.GD.ZS,,,,,,,,,,,,,,,,,,,,,,,,,,,,,,,,,,,,,,,,,5.574574024,5.988621284,6.33202245,6.528208668,6.609678763,6.625869436,6.780520681,6.881454049,7.174224777,7.830418498,7.872615883,7.838378199,7.825013799,7.862902835,8.135867429,8.397845732,8.519500294,8.484972995,8.462328763,8.523869816,10.61049921,,
Namibia,NAM,Domestic general government health expenditure (% of GDP),SH.XPD.GHED.GD.ZS,,,,,,,,,,,,,,,,,,,,,,,,,,,,,,,,,,,,,,,,,4.85066414,4.9487524,5.16812181,5.27504635,4.97990847,4.54677343,4.16533232,4.68895483,4.13121605,3.45770502,3.98765874,4.09209919,3.87052751,4.18122244,3.883605,4.21268463,4.37176323,4.05778646,3.86995769,3.99995971,4.40352678,,
New Caledonia,NCL,Domestic general government health expenditure (% of GDP),SH.XPD.GHED.GD.ZS,,,,,,,,,,,,,,,,,,,,,,,,,,,,,,,,,,,,,,,,,,,,,,,,,,,,,,,,,,,,,,,
Niger,NER,Domestic general government health expenditure (% of GDP),SH.XPD.GHED.GD.ZS,,,,,,,,,,,,,,,,,,,,,,,,,,,,,,,,,,,,,,,,,1.12999868,1.14577425,1.20736778,1.07094669,1.18101633,1.92018211,2.05841017,1.50168717,1.55048525,1.5377779,1.31193817,1.27229619,1.03993595,1.34044802,1.27712584,1.11163116,1.10086405,1.88447368,1.76169217,2.02315283,2.34244084,,
Nigeria,NGA,Domestic general government health expenditure (% of GDP),SH.XPD.GHED.GD.ZS,,,,,,,,,,,,,,,,,,,,,,,,,,,,,,,,,,,,,,,,,0.58559412,0.8576929,0.53133184,0.92982918,1.202034,1.14133215,0.90186709,0.7786122,0.66059941,0.57001245,0.44847032,0.47937736,0.54436672,0.48927844,0.44593188,0.58907843,0.47496933,0.53266305,0.49754828,0.46980387,0.50597858,,
Nicaragua,NIC,Domestic general government health expenditure (% of GDP),SH.XPD.GHED.GD.ZS,,,,,,,,,,,,,,,,,,,,,,,,,,,,,,,,,,,,,,,,,2.56718183,2.45915222,2.46180677,2.55710077,2.27378821,2.5080986,2.86238265,3.15306878,3.19054222,3.81332731,3.55465937,3.53044653,3.74920559,3.86888838,4.15811014,4.46586037,4.65122414,4.85718918,5.17776585,5.26998711,5.33572912,,
Netherlands,NLD,Domestic general government health expenditure (% of GDP),SH.XPD.GHED.GD.ZS,,,,,,,,,,,,,,,,,,,,,,,,,,,,,,,,,,,,,,,,,5.31053734,5.60159063,6.04046392,6.34328508,6.23783731,6.21275282,5.99285603,5.96346712,6.26794291,6.8005991,6.94804478,6.99721241,7.21522999,7.30336142,7.16778851,6.81934118,6.74071789,6.50196552,6.5860281,6.68220472,7.66171503,,
Norway,NOR,Domestic general government health expenditure (% of GDP),SH.XPD.GHED.GD.ZS,,,,,,,,,,,,,,,,,,,,,,,,,,,,,,,,,,,,,,,,,6.29948044,6.64224243,7.46015739,7.66358662,7.32308102,6.91682911,6.59458923,6.73865271,6.69777393,7.66199112,7.54125357,7.41967487,7.43971157,7.59215212,7.97019482,8.66388416,9.04278946,8.78095436,8.59087181,9.0311842,9.78682518,8.62964249,
Nepal,NPL,Domestic general government health expenditure (% of GDP),SH.XPD.GHED.GD.ZS,,,,,,,,,,,,,,,,,,,,,,,,,,,,,,,,,,,,,,,,,0.48485139,0.58291328,0.79097211,0.65877509,0.64549148,0.7515617,0.84521472,0.67676955,0.7096374,0.79475862,0.78889024,0.7948519,0.78674734,0.75677603,0.87364674,0.90927744,1.00771654,1.06542635,1.06721246,1.10283434,1.55479288,,
Nauru,NRU,Domestic general government health expenditure (% of GDP),SH.XPD.GHED.GD.ZS,,,,,,,,,,,,,,,,,,,,,,,,,,,,,,,,,,,,,,,,,15.92758083,12.38502789,9.38507462,7.13988781,4.67242718,9.26190281,10.87369251,16.81926155,12.60140991,6.32094669,7.59175539,5.58895683,4.19441795,5.12801552,5.84321594,8.27350807,9.65462017,8.42948341,10.32896042,10.90710163,8.92148685,,
New Zealand,NZL,Domestic general government health expenditure (% of GDP),SH.XPD.GHED.GD.ZS,,,,,,,,,,,,,,,,,,,,,,,,,,,,,,,,,,,,,,,,,5.56446981,5.54619789,5.92019367,5.82977486,6.08666468,6.36613989,6.67046022,6.60466003,7.08283758,7.4772172,7.50836039,7.49986553,7.57742262,7.2670989,7.2801528,6.93415546,6.8915782,6.76606941,6.7610755,7.13066435,7.73777819,,
OECD members,OED,Domestic general government health expenditure (% of GDP),SH.XPD.GHED.GD.ZS,,,,,,,,,,,,,,,,,,,,,,,,,,,,,,,,,,,,,,,,,5.542810793,5.821428045,6.057063101,6.228178822,6.278468834,6.308652423,6.350005684,6.379430121,6.62279781,7.263115679,7.213019241,7.326133092,7.350958968,7.330091552,7.464144308,7.61015228,7.70347397,7.665235152,7.669242333,7.767026808,9.145004679,,
Oman,OMN,Domestic general government health expenditure (% of GDP),SH.XPD.GHED.GD.ZS,,,,,,,,,,,,,,,,,,,,,,,,,,,,,,,,,,,,,,,,,2.50450301,2.52906299,2.65471292,2.6295166,2.43747163,2.1303525,1.86465859,1.96826851,1.58631074,2.30077767,2.33311391,2.08465815,2.14939713,2.50380254,3.22622132,4.20194578,4.30561399,4.03960419,3.18646717,3.84462762,4.80646753,,
Other small states,OSS,Domestic general government health expenditure (% of GDP),SH.XPD.GHED.GD.ZS,,,,,,,,,,,,,,,,,,,,,,,,,,,,,,,,,,,,,,,,,2.844107409,2.891761489,3.044800574,3.318408891,3.143377083,2.861566171,2.654771056,2.616667336,2.328664095,2.705904162,2.457992922,2.27578188,2.335854733,2.556047968,2.740061802,3.415799153,3.432719552,3.298472611,3.164924044,3.358586213,4.166131881,,
Pakistan,PAK,Domestic general government health expenditure (% of GDP),SH.XPD.GHED.GD.ZS,,,,,,,,,,,,,,,,,,,,,,,,,,,,,,,,,,,,,,,,,0.96825689,0.91270649,1.01486242,0.57917517,0.61747396,0.57205623,0.48642762,0.48821454,0.42355876,0.50744211,0.52213751,0.43720981,0.61004923,0.62996411,0.59680567,0.67638048,0.70145196,0.91277039,0.93591465,0.94301245,1.03996059,,
Panama,PAN,Domestic general government health expenditure (% of GDP),SH.XPD.GHED.GD.ZS,,,,,,,,,,,,,,,,,,,,,,,,,,,,,,,,,,,,,,,,,4.6724925,4.54805422,4.58416319,4.31301737,4.64440823,3.81730461,4.21131468,5.03114557,4.72534323,4.81850386,4.82290459,4.3900466,4.04670668,4.22649384,4.39001703,4.36895657,4.4892478,4.5744648,4.56963205,4.80475616,5.8625102,,
Peru,PER,Domestic general government health expenditure (% of GDP),SH.XPD.GHED.GD.ZS,,,,,,,,,,,,,,,,,,,,,,,,,,,,,,,,,,,,,,,,,2.34087849,2.47586274,2.52271342,2.33570814,2.3036108,2.56580162,2.21611428,2.15426159,2.17142892,2.50536823,2.44917679,2.31512833,2.48863387,2.6585629,2.96500993,3.03265738,3.07695246,3.05640173,3.19314337,3.27750611,4.28144789,,
Philippines,PHL,Domestic general government health expenditure (% of GDP),SH.XPD.GHED.GD.ZS,,,,,,,,,,,,,,,,,,,,,,,,,,,,,,,,,,,,,,,,,1.3564229,1.15623665,0.97705829,1.11422062,1.08843267,1.23873734,1.21229136,1.1753726,1.16428423,1.27640796,1.31791425,1.06190181,1.09802592,1.1204468,1.26327145,1.46860588,1.47373402,1.48271859,1.53632784,1.69175851,2.28181028,2.48967028,
Palau,PLW,Domestic general government health expenditure (% of GDP),SH.XPD.GHED.GD.ZS,,,,,,,,,,,,,,,,,,,,,,,,,,,,,,,,,,,,,,,,,4.61960411,4.06348848,3.60413265,4.0006299,4.19904613,3.53051591,3.67448831,3.45373011,3.1186974,4.03982401,4.12728405,4.05132246,4.31734705,4.68362474,4.48360968,3.81564617,6.31673717,6.16122437,6.56180429,7.09453392,13.51063728,,
Papua New Guinea,PNG,Domestic general government health expenditure (% of GDP),SH.XPD.GHED.GD.ZS,,,,,,,,,,,,,,,,,,,,,,,,,,,,,,,,,,,,,,,,,1.70150447,1.66755974,1.76445663,1.42519522,1.70005941,1.61288869,1.62889814,1.63440716,1.51408112,1.55684996,1.30032146,1.49705744,1.82221472,1.98455942,2.02066565,1.37782788,1.67796266,1.68148077,1.61519086,1.35623097,1.72049451,,
Poland,POL,Domestic general government health expenditure (% of GDP),SH.XPD.GHED.GD.ZS,,,,,,,,,,,,,,,,,,,,,,,,,,,,,,,,,,,,,,,,,3.6070292,3.98644733,4.24438095,4.0827384,3.95899224,3.97908187,4.0025959,4.09294081,4.53992796,4.72637177,4.57513046,4.43206882,4.34607458,4.50933599,4.46653366,4.43370008,4.49653816,4.51487017,4.49809456,4.60206556,4.66816568,,
Pre-demographic dividend,PRE,Domestic general government health expenditure (% of GDP),SH.XPD.GHED.GD.ZS,,,,,,,,,,,,,,,,,,,,,,,,,,,,,,,,,,,,,,,,,0.784997715,1.007754287,0.856767658,1.061491512,1.338963893,1.235061178,1.128140556,1.153486217,1.20764216,1.310691834,1.076320752,1.059394705,0.912881663,0.919013705,0.892409788,0.967084803,0.915206886,1.069354365,1.08394772,1.129203431,1.325282609,,
Puerto Rico,PRI,Domestic general government health expenditure (% of GDP),SH.XPD.GHED.GD.ZS,,,,,,,,,,,,,,,,,,,,,,,,,,,,,,,,,,,,,,,,,,,,,,,,,,,,,,,,,,,,,,,
"Korea, Dem. People's Rep.",PRK,Domestic general government health expenditure (% of GDP),SH.XPD.GHED.GD.ZS,,,,,,,,,,,,,,,,,,,,,,,,,,,,,,,,,,,,,,,,,,,,,,,,,,,,,,,,,,,,,,,
Portugal,PRT,Domestic general government health expenditure (% of GDP),SH.XPD.GHED.GD.ZS,,,,,,,,,,,,,,,,,,,,,,,,,,,,,,,,,,,,,,,,,5.99815702,6.05405951,6.32552099,6.44214296,6.72644234,6.84422255,5.93430281,5.80185938,5.98957777,6.46387529,6.67315197,6.27685404,5.91590166,5.85821295,5.76832533,5.74543333,5.78449821,5.68938971,5.75663424,5.78202772,6.79872322,,
Paraguay,PRY,Domestic general government health expenditure (% of GDP),SH.XPD.GHED.GD.ZS,,,,,,,,,,,,,,,,,,,,,,,,,,,,,,,,,,,,,,,,,2.32489133,1.94766605,1.46725607,1.63003397,1.59777284,1.58578682,1.76220965,1.73575354,1.62055254,2.12176824,2.1311543,2.46140838,3.03290367,2.6527679,3.16169024,3.1565783,3.14797997,3.02672791,3.02979112,3.32046843,4.11691141,,
West Bank and Gaza,PSE,Domestic general government health expenditure (% of GDP),SH.XPD.GHED.GD.ZS,,,,,,,,,,,,,,,,,,,,,,,,,,,,,,,,,,,,,,,,,,,,,,,,,,,,,,,,,,,,,,,
Pacific island small states,PSS,Domestic general government health expenditure (% of GDP),SH.XPD.GHED.GD.ZS,,,,,,,,,,,,,,,,,,,,,,,,,,,,,,,,,,,,,,,,,3.363123836,3.238845516,3.118142448,3.000664513,3.001213659,3.235174457,3.128221575,3.162703614,2.831360649,2.858554797,2.840108719,2.71008193,2.713809687,2.71711643,2.720639538,2.858365552,2.894714212,2.854749687,3.166741658,3.287112666,3.569869295,,
Post-demographic dividend,PST,Domestic general government health expenditure (% of GDP),SH.XPD.GHED.GD.ZS,,,,,,,,,,,,,,,,,,,,,,,,,,,,,,,,,,,,,,,,,5.684466446,5.965776247,6.205964026,6.367890143,6.418751585,6.47364896,6.523751171,6.556588789,6.799579282,7.434276257,7.412609934,7.545555935,7.578550928,7.566438837,7.726739297,7.883753303,7.966132557,7.929347927,7.923359096,8.021166958,9.44610012,,
French Polynesia,PYF,Domestic general government health expenditure (% of GDP),SH.XPD.GHED.GD.ZS,,,,,,,,,,,,,,,,,,,,,,,,,,,,,,,,,,,,,,,,,,,,,,,,,,,,,,,,,,,,,,,
Qatar,QAT,Domestic general government health expenditure (% of GDP),SH.XPD.GHED.GD.ZS,,,,,,,,,,,,,,,,,,,,,,,,,,,,,,,,,,,,,,,,,1.1739918,1.4624722,1.547966,2.62767673,2.38695359,1.92000175,1.71230614,1.54760242,1.22314608,1.69266617,1.32764482,1.17667866,1.38358474,1.74754512,2.10174274,3.19502282,3.04590583,2.71251249,2.50761104,2.72214365,3.30993986,,
Romania,ROU,Domestic general government health expenditure (% of GDP),SH.XPD.GHED.GD.ZS,,,,,,,,,,,,,,,,,,,,,,,,,,,,,,,,,,,,,,,,,3.33585477,3.48990417,3.6797502,4.46193647,4.04278946,4.40981054,4.02086115,4.09066439,4.07317638,4.15208244,4.606637,3.52538133,3.63839698,4.10288525,3.96122551,3.85599756,3.91185784,4.04785347,4.43120813,4.60021067,5.02272987,,
Russian Federation,RUS,Domestic general government health expenditure (% of GDP),SH.XPD.GHED.GD.ZS,,,,,,,,,,,,,,,,,,,,,,,,,,,,,,,,,,,,,,,,,2.9796474,3.04301357,3.21910429,3.00005722,2.79753399,2.91765976,2.94237709,2.94628835,3.07102203,3.50300717,3.0512259,3.00404239,3.14484,3.16959071,3.20183849,3.10975885,3.01248789,3.05932784,3.18402362,3.45416045,5.35894442,,
Rwanda,RWA,Domestic general government health expenditure (% of GDP),SH.XPD.GHED.GD.ZS,,,,,,,,,,,,,,,,,,,,,,,,,,,,,,,,,,,,,,,,,0.64626944,0.698044,0.75874555,2.30581403,1.92855704,1.61526906,1.48286724,1.74706471,1.81512129,1.88223851,2.0403583,2.19846153,2.05578661,2.17317319,2.19475436,2.10574889,2.23370934,2.2288599,2.34202266,2.50311065,2.92674851,,
South Asia,SAS,Domestic general government health expenditure (% of GDP),SH.XPD.GHED.GD.ZS,,,,,,,,,,,,,,,,,,,,,,,,,,,,,,,,,,,,,,,,,0.869608687,0.825455076,0.818205473,0.751086521,0.726556153,0.759887846,0.739143191,0.731499923,0.770483443,0.856557168,0.834728385,0.888786654,0.893381343,0.850187661,0.836755276,0.895680047,0.913313829,0.951641047,0.966865497,0.956777849,1.049505951,,
Saudi Arabia,SAU,Domestic general government health expenditure (% of GDP),SH.XPD.GHED.GD.ZS,,,,,,,,,,,,,,,,,,,,,,,,,,,,,,,,,,,,,,,,,3.03456283,3.23656034,3.07290506,2.87985086,2.56182718,2.47836518,2.64139128,2.50740147,1.88940597,2.78823543,2.25921321,2.48944736,2.74473023,3.10786796,3.7311101,4.10729408,4.48537636,4.49946642,3.89233899,,,,
Sudan,SDN,Domestic general government health expenditure (% of GDP),SH.XPD.GHED.GD.ZS,,,,,,,,,,,,,,,,,,,,,,,,,,,,,,,,,,,,,,,,,1.21998167,1.1215229,1.128654,1.26332223,1.57302713,1.59963596,1.77735722,2.0494504,1.73194993,2.6293633,1.64626622,1.28281784,1.49337018,1.15195048,1.43453598,2.26325226,1.28986812,1.03109134,1.03918159,1.00213731,1.03126121,,
Senegal,SEN,Domestic general government health expenditure (% of GDP),SH.XPD.GHED.GD.ZS,,,,,,,,,,,,,,,,,,,,,,,,,,,,,,,,,,,,,,,,,1.25274444,1.415766,1.33993745,1.54446912,1.62704813,1.59510636,1.7594533,1.31880546,1.3871423,1.40655613,1.16160047,1.30861843,1.21922684,1.17077053,1.080037,1.07820702,1.06801915,1.01061249,1.11893904,1.05768847,1.72161877,,
Singapore,SGP,Domestic general government health expenditure (% of GDP),SH.XPD.GHED.GD.ZS,,,,,,,,,,,,,,,,,,,,,,,,,,,,,,,,,,,,,,,,,1.21474111,0.88201147,1.05214119,1.3372829,1.02267361,1.00069571,0.99547803,0.95031685,1.19189203,1.18541074,1.14910603,1.17214501,1.30787134,1.53696907,1.74364483,1.96816146,2.078861,2.10733008,2.03740263,2.28311157,3.17285585,,
Solomon Islands,SLB,Domestic general government health expenditure (% of GDP),SH.XPD.GHED.GD.ZS,,,,,,,,,,,,,,,,,,,,,,,,,,,,,,,,,,,,,,,,,4.44415522,6.02517366,5.73763466,5.23841286,4.88922024,6.40079355,5.25133944,4.962358,3.15582204,3.10495329,2.94911718,2.87079024,2.93307853,2.77610326,2.9565556,3.07115769,3.1560142,3.06646299,3.03983402,3.36097002,3.60097384,,
Sierra Leone,SLE,Domestic general government health expenditure (% of GDP),SH.XPD.GHED.GD.ZS,,,,,,,,,,,,,,,,,,,,,,,,,,,,,,,,,,,,,,,,,2.07760668,2.51133323,2.80493665,2.20022655,2.09712052,1.72106278,1.08422744,1.07384503,0.63286829,0.93309164,1.27227926,0.88903201,0.95205772,0.80621618,1.33745706,1.64069057,1.84639025,0.85096204,0.76867914,1.23889363,1.36035788,,
El Salvador,SLV,Domestic general government health expenditure (% of GDP),SH.XPD.GHED.GD.ZS,,,,,,,,,,,,,,,,,,,,,,,,,,,,,,,,,,,,,,,,,3.94314837,3.83341885,4.00326157,3.88919258,4.01650906,4.2482481,4.52057076,4.1049161,4.0889926,4.10507488,4.37232924,4.79892349,4.45448637,4.76325369,4.68769121,4.80888462,4.84736443,4.58291912,4.54641724,4.71206713,5.83388329,,
San Marino,SMR,Domestic general government health expenditure (% of GDP),SH.XPD.GHED.GD.ZS,,,,,,,,,,,,,,,,,,,,,,,,,,,,,,,,,,,,,,,,,4.30573463,4.26485729,4.03321981,3.63807321,3.74707913,3.81809044,3.87701797,4.07534981,4.34516525,5,5.35588455,7.28447437,8.10129166,7.46279001,7.42958117,7.40344763,7.53124285,7.40110397,7.51669312,7.38694096,7.76576805,,
Somalia,SOM,Domestic general government health expenditure (% of GDP),SH.XPD.GHED.GD.ZS,,,,,,,,,,,,,,,,,,,,,,,,,,,,,,,,,,,,,,,,,,,,,,,,,,,,,,,,,,,,,,,
Serbia,SRB,Domestic general government health expenditure (% of GDP),SH.XPD.GHED.GD.ZS,,,,,,,,,,,,,,,,,,,,,,,,,,,,,,,,,,,,,,,,,4.25570917,4.58740377,5.82102203,5.68312502,5.59544659,5.422544,5.30835724,5.72144413,5.86755705,5.76196146,5.81205034,5.57045889,5.79436255,5.57435799,5.38649607,5.08387613,4.87050915,4.72497892,5.06508875,5.05642891,5.30452394,,
Sub-Saharan Africa (excluding high income),SSA,Domestic general government health expenditure (% of GDP),SH.XPD.GHED.GD.ZS,,,,,,,,,,,,,,,,,,,,,,,,,,,,,,,,,,,,,,,,,1.609275223,1.607244959,1.41984625,1.804445251,1.874704461,1.813617067,1.841965335,1.81945276,1.693616052,1.917831605,1.92288975,1.916930213,1.858537436,1.747514561,1.694502828,1.854001335,1.813430743,1.878910624,1.880947999,1.883544775,2.049396351,,
South Sudan,SSD,Domestic general government health expenditure (% of GDP),SH.XPD.GHED.GD.ZS,,,,,,,,,,,,,,,,,,,,,,,,,,,,,,,,,,,,,,,,,,,,,,,,,,,,,,,,,,0.69536835,0.68500352,0.76648843,0.4163678,,
Sub-Saharan Africa,SSF,Domestic general government health expenditure (% of GDP),SH.XPD.GHED.GD.ZS,,,,,,,,,,,,,,,,,,,,,,,,,,,,,,,,,,,,,,,,,1.612536435,1.61065748,1.423455545,1.807491099,1.877112884,1.815683237,1.843676262,1.820599026,1.694163812,1.918162715,1.9236873,1.91764944,1.859893042,1.748596272,1.695605168,1.855105794,1.814974211,1.880400251,1.882620125,1.885114854,2.051883992,,
Small states,SST,Domestic general government health expenditure (% of GDP),SH.XPD.GHED.GD.ZS,,,,,,,,,,,,,,,,,,,,,,,,,,,,,,,,,,,,,,,,,2.685177896,2.670314746,2.826534236,3.012563357,2.936559966,2.733922533,2.544377877,2.551569342,2.320874614,2.701006236,2.488456596,2.324889071,2.372135045,2.575306423,2.729037544,3.33436156,3.385431284,3.314502371,3.185801679,3.359584035,4.119110294,,
Sao Tome and Principe,STP,Domestic general government health expenditure (% of GDP),SH.XPD.GHED.GD.ZS,,,,,,,,,,,,,,,,,,,,,,,,,,,,,,,,,,,,,,,,,3.44105196,3.63409472,3.74999523,6.04743004,5.18750954,5.03072548,0.54853714,1.66388476,1.22298861,1.69961298,2.0473361,2.24904656,2.10990143,2.66235065,2.36508298,1.68867922,2.59254098,2.97378111,2.80085683,2.37431169,2.4861083,,
Suriname,SUR,Domestic general government health expenditure (% of GDP),SH.XPD.GHED.GD.ZS,,,,,,,,,,,,,,,,,,,,,,,,,,,,,,,,,,,,,,,,,2.84068179,1.85921216,2.45871258,2.13772202,2.43031907,2.36262965,2.71723485,2.58420277,2.09781647,2.28777623,1.9906764,1.79151595,1.75651753,1.88953507,1.87637579,3.16422224,3.71001315,3.09932327,4.56326962,6.14175844,4.37696552,,
Slovak Republic,SVK,Domestic general government health expenditure (% of GDP),SH.XPD.GHED.GD.ZS,,,,,,,,,,,,,,,,,,,,,,,,,,,,,,,,,,,,,,,,,4.63913631,4.69889498,4.84496164,4.74017286,5.01567888,4.95043325,4.77292061,4.93226337,5.19804668,5.69372702,5.46459436,5.28560638,5.38078308,5.51539946,5.4802556,5.34042168,5.68801165,5.3554554,5.30704069,5.47591448,5.80533266,,
Slovenia,SVN,Domestic general government health expenditure (% of GDP),SH.XPD.GHED.GD.ZS,,,,,,,,,,,,,,,,,,,,,,,,,,,,,,,,,,,,,,,,,5.57140017,5.55741167,5.80969334,5.82858562,5.71562862,5.77480507,5.61257124,5.27593756,5.6679821,6.15069389,6.19808054,6.16889191,6.1747551,6.14473963,5.99596119,6.06387234,6.11774063,5.87654495,5.99481487,6.16823053,6.86089611,,
Sweden,SWE,Domestic general government health expenditure (% of GDP),SH.XPD.GHED.GD.ZS,,,,,,,,,,,,,,,,,,,,,,,,,,,,,,,,,,,,,,,,,6.18943739,6.49035358,6.77922344,6.91412878,6.72247219,6.70755005,6.63158274,6.598032,6.77191877,7.23678303,6.86272383,8.80000973,9.0407753,9.1623106,9.19936943,9.07129955,9.14448833,9.13570595,9.27633858,9.22085381,9.77640724,,
Eswatini,SWZ,Domestic general government health expenditure (% of GDP),SH.XPD.GHED.GD.ZS,,,,,,,,,,,,,,,,,,,,,,,,,,,,,,,,,,,,,,,,,2.41081047,2.38431859,2.4225831,2.91704059,3.02394485,3.64060426,3.45948696,3.7541039,4.45391893,4.46149063,4.22809029,3.61155891,3.41336322,3.32492328,2.73972297,2.94745016,2.84598303,3.54254961,3.49409103,3.42137909,3.44377804,,
Sint Maarten (Dutch part),SXM,Domestic general government health expenditure (% of GDP),SH.XPD.GHED.GD.ZS,,,,,,,,,,,,,,,,,,,,,,,,,,,,,,,,,,,,,,,,,,,,,,,,,,,,,,,,,,,,,,,
Seychelles,SYC,Domestic general government health expenditure (% of GDP),SH.XPD.GHED.GD.ZS,,,,,,,,,,,,,,,,,,,,,,,,,,,,,,,,,,,,,,,,,3.78593802,3.75857329,3.63683939,4.14589357,3.81282496,3.62017798,3.44340944,3.04300809,2.40282655,2.3870523,3.1060183,3.01365519,4.02018118,3.20524502,3.18385339,3.15717173,3.43058586,3.48172712,3.68128753,3.54460716,5.39845753,,
Syrian Arab Republic,SYR,Domestic general government health expenditure (% of GDP),SH.XPD.GHED.GD.ZS,,,,,,,,,,,,,,,,,,,,,,,,,,,,,,,,,,,,,,,,,1.61808777,1.945274,2.24590731,2.4527986,2.13628435,2.06910515,1.77428043,1.76196051,1.56797349,1.59122777,1.467641,1.14291382,1.37997258,,,,,,,,,,
Turks and Caicos Islands,TCA,Domestic general government health expenditure (% of GDP),SH.XPD.GHED.GD.ZS,,,,,,,,,,,,,,,,,,,,,,,,,,,,,,,,,,,,,,,,,,,,,,,,,,,,,,,,,,,,,,,
Chad,TCD,Domestic general government health expenditure (% of GDP),SH.XPD.GHED.GD.ZS,,,,,,,,,,,,,,,,,,,,,,,,,,,,,,,,,,,,,,,,,2.07553267,1.84560215,2.09621739,1.73732471,1.91800916,1.42997086,0.99538934,1.02279246,0.795304,0.92613524,0.8519026,0.82494748,0.94672126,1.14863968,1.21946907,0.96198386,0.82245749,0.69614905,0.65007859,0.69896412,0.93004119,,
East Asia & Pacific (IDA & IBRD countries),TEA,Domestic general government health expenditure (% of GDP),SH.XPD.GHED.GD.ZS,,,,,,,,,,,,,,,,,,,,,,,,,,,,,,,,,,,,,,,,,1.041257551,1.038121749,1.148794472,1.26947468,1.293590435,1.345690536,1.391215321,1.449619134,1.674958442,2.012470877,2.002928763,2.122334848,2.318226786,2.462890058,2.579906586,2.757032582,2.701633519,2.684777752,2.734526982,2.802008809,2.92229733,,
Europe & Central Asia (IDA & IBRD countries),TEC,Domestic general government health expenditure (% of GDP),SH.XPD.GHED.GD.ZS,,,,,,,,,,,,,,,,,,,,,,,,,,,,,,,,,,,,,,,,,3.124216865,3.368632348,3.554229484,3.5331903,3.373530835,3.393926933,3.391693749,3.389504159,3.510572652,3.919974849,3.5507501,3.327528026,3.362690382,3.354401467,3.378227756,3.327685562,3.372542377,3.349025866,3.426385455,3.59414439,4.596126616,,
Togo,TGO,Domestic general government health expenditure (% of GDP),SH.XPD.GHED.GD.ZS,,,,,,,,,,,,,,,,,,,,,,,,,,,,,,,,,,,,,,,,,0.29096901,0.32503283,0.34117612,0.37685171,0.44411397,0.50362611,0.56445849,0.62282085,0.61289465,0.7069785,1.1526072,1.07126713,1.20870054,0.99220741,1.03395808,0.9431653,0.98174191,1.04826784,1.01966834,0.86334223,1.24389136,,
Thailand,THA,Domestic general government health expenditure (% of GDP),SH.XPD.GHED.GD.ZS,,,,,,,,,,,,,,,,,,,,,,,,,,,,,,,,,,,,,,,,,1.71153057,1.66487634,2.07636881,2.04556918,2.01255655,2.013062,2.2303164,2.41405702,2.60726309,2.64681911,2.50096011,2.72706866,2.68024039,2.62275028,2.78856063,2.74870157,2.85139871,2.7754643,2.74278641,2.78445148,3.06738973,,
Tajikistan,TJK,Domestic general government health expenditure (% of GDP),SH.XPD.GHED.GD.ZS,,,,,,,,,,,,,,,,,,,,,,,,,,,,,,,,,,,,,,,,,0.88544548,0.8757962,0.80717486,0.76923078,0.89477104,0.98875159,0.93615186,1.07746482,1.36975408,1.08422637,1.18032789,1.30533111,1.60808611,1.90030849,2.07762313,2.04495692,1.98977911,1.98792565,1.89692557,1.89777529,2.1510756,,
Turkmenistan,TKM,Domestic general government health expenditure (% of GDP),SH.XPD.GHED.GD.ZS,,,,,,,,,,,,,,,,,,,,,,,,,,,,,,,,,,,,,,,,,1.90211844,1.66748726,1.4387548,1.60266948,1.43280828,1.19562042,0.91425121,0.8208648,0.55995965,0.69059998,0.78008586,0.84371674,0.90028721,1.12301207,1.16196096,1.225456,1.06736445,1.26645577,1.00211239,1.00934052,1.00819516,,
Latin America & the Caribbean (IDA & IBRD countries),TLA,Domestic general government health expenditure (% of GDP),SH.XPD.GHED.GD.ZS,,,,,,,,,,,,,,,,,,,,,,,,,,,,,,,,,,,,,,,,,3.028966382,3.058004173,2.933284976,3.014675779,3.074976059,2.986743007,3.170682137,3.225224239,3.245549243,3.582653494,3.535589254,3.566762454,3.572153938,3.677321431,3.676799956,4.064363622,3.949419325,4.095795959,3.942551658,3.951407409,4.600864961,,
Timor-Leste,TLS,Domestic general government health expenditure (% of GDP),SH.XPD.GHED.GD.ZS,,,,,,,,,,,,,,,,,,,,,,,,,,,,,,,,,,,,,,,,,,,,1.30327332,1.67137599,2.12407804,2.39656949,0.96646351,3.39832354,3.24565578,3.28824806,3.56822348,4.14897776,4.44555855,4.1271596,4.40652466,3.42337966,4.40407133,3.88305092,3.43519258,5.44570112,,
Middle East & North Africa (IDA & IBRD countries),TMN,Domestic general government health expenditure (% of GDP),SH.XPD.GHED.GD.ZS,,,,,,,,,,,,,,,,,,,,,,,,,,,,,,,,,,,,,,,,,1.895749616,2.124608401,2.184546026,2.143465758,2.0610135,1.982836645,2.03656397,2.045028908,2.08167306,2.372869108,2.176270692,2.333557023,2.229672083,2.281588545,2.660149819,2.741480303,2.745975049,2.943723597,2.737105982,2.531928078,2.558211967,,
Tonga,TON,Domestic general government health expenditure (% of GDP),SH.XPD.GHED.GD.ZS,,,,,,,,,,,,,,,,,,,,,,,,,,,,,,,,,,,,,,,,,2.30323911,2.44649458,2.59221506,2.4231987,2.45591736,2.61161542,2.85051656,3.18001747,2.89580131,3.04270864,2.85781646,2.74445701,2.5250833,2.7824738,2.8900826,2.76515222,2.98697019,2.90658689,3.20244789,2.89207935,3.03655863,,
South Asia (IDA & IBRD),TSA,Domestic general government health expenditure (% of GDP),SH.XPD.GHED.GD.ZS,,,,,,,,,,,,,,,,,,,,,,,,,,,,,,,,,,,,,,,,,0.869608687,0.825455076,0.818205473,0.751086521,0.726556153,0.759887846,0.739143191,0.731499923,0.770483443,0.856557168,0.834728385,0.888786654,0.893381343,0.850187661,0.836755276,0.895680047,0.913313829,0.951641047,0.966865497,0.956777849,1.049505951,,
Sub-Saharan Africa (IDA & IBRD countries),TSS,Domestic general government health expenditure (% of GDP),SH.XPD.GHED.GD.ZS,,,,,,,,,,,,,,,,,,,,,,,,,,,,,,,,,,,,,,,,,1.612536435,1.61065748,1.423455545,1.807491099,1.877112884,1.815683237,1.843676262,1.820599026,1.694163812,1.918162715,1.9236873,1.91764944,1.859893042,1.748596272,1.695605168,1.855105794,1.814974211,1.880400251,1.882620125,1.885114854,2.051883992,,
Trinidad and Tobago,TTO,Domestic general government health expenditure (% of GDP),SH.XPD.GHED.GD.ZS,,,,,,,,,,,,,,,,,,,,,,,,,,,,,,,,,,,,,,,,,1.56699646,1.74266553,1.96599579,1.90437138,1.85756683,2.14629865,1.86406863,1.91819596,1.74781442,2.61162758,2.44673586,2.35490894,2.37860012,2.58851647,2.61249113,3.10025597,3.42629886,3.53215384,3.23065448,3.13612151,3.38081074,,
Tunisia,TUN,Domestic general government health expenditure (% of GDP),SH.XPD.GHED.GD.ZS,,,,,,,,,,,,,,,,,,,,,,,,,,,,,,,,,,,,,,,,,2.53482223,2.53689337,2.65054178,2.67794108,2.65803766,2.61502051,2.68162847,2.76273274,2.80299711,2.97510505,3.12751889,3.45419288,3.58298373,3.8491714,3.7496531,3.37170172,3.43584943,3.35005927,3.12026548,2.81961799,3.72313976,,
Turkiye,TUR,Domestic general government health expenditure (% of GDP),SH.XPD.GHED.GD.ZS,,,,,,,,,,,,,,,,,,,,,,,,,,,,,,,,,,,,,,,,,2.83683038,3.28714561,3.54229712,3.57052255,3.52044296,3.31541967,3.54304099,3.60262251,3.79284501,4.42291498,3.91593647,3.68182659,3.51873088,3.42470455,3.35657501,3.21666884,3.36101246,3.24810481,3.19096494,3.38674355,3.6410346,,
Tuvalu,TUV,Domestic general government health expenditure (% of GDP),SH.XPD.GHED.GD.ZS,,,,,,,,,,,,,,,,,,,,,,,,,,,,,,,,,,,,,,,,,22.25426292,17.00361061,10.99277782,12.44285393,8.85552597,9.6455574,9.88550949,9.44745445,9.33237934,10.03053665,13.19273663,11.89357758,11.83783531,9.88884354,12.08134651,10.14206505,10.210186,10.64862919,15.06530952,15.64190578,18.08883476,,
Tanzania,TZA,Domestic general government health expenditure (% of GDP),SH.XPD.GHED.GD.ZS,,,,,,,,,,,,,,,,,,,,,,,,,,,,,,,,,,,,,,,,,0.74586421,1.08908296,1.33213437,1.49158525,1.96674848,2.31116962,2.37998843,1.94105673,2.25783944,1.48484647,1.4499774,1.28681624,1.17573333,1.18517053,1.19945395,1.25726104,1.61013722,1.57794666,1.56340349,1.56885314,1.60523546,,
Uganda,UGA,Domestic general government health expenditure (% of GDP),SH.XPD.GHED.GD.ZS,,,,,,,,,,,,,,,,,,,,,,,,,,,,,,,,,,,,,,,,,1.26929665,1.35074425,1.46698916,1.47392678,1.3679626,1.03288162,0.98189151,1.0345825,0.94331813,0.82782149,1.09791434,0.90863341,0.9248504,0.97432142,0.95077145,0.7692818,0.77783573,0.63861901,0.67408383,0.57414162,0.67256367,,
Ukraine,UKR,Domestic general government health expenditure (% of GDP),SH.XPD.GHED.GD.ZS,,,,,,,,,,,,,,,,,,,,,,,,,,,,,,,,,,,,,,,,,2.51132536,2.80008173,3.07087588,3.64921927,3.40481019,3.72637868,3.87742233,3.56190538,3.19206929,3.84805894,3.68650508,3.42371154,3.74045873,3.33902359,3.45070863,3.68104887,3.63903141,3.50868487,3.49113274,3.17738771,3.75391006,,
Upper middle income,UMC,Domestic general government health expenditure (% of GDP),SH.XPD.GHED.GD.ZS,,,,,,,,,,,,,,,,,,,,,,,,,,,,,,,,,,,,,,,,,2.332759333,2.313535725,2.299390477,2.37896847,2.406171985,2.430388856,2.492128413,2.534415339,2.675645625,3.002842038,2.916687458,2.935658096,2.994305541,3.082500113,3.143893873,3.262266058,3.177824694,3.198843409,3.162314826,3.237875,3.543546584,,
Uruguay,URY,Domestic general government health expenditure (% of GDP),SH.XPD.GHED.GD.ZS,,,,,,,,,,,,,,,,,,,,,,,,,,,,,,,,,,,,,,,,,3.82681274,4.39997387,4.64072323,5.03634214,4.34252119,3.50426316,3.69235897,3.63677883,4.57575798,4.71686649,4.74686909,4.8879509,5.18105078,5.39425087,5.49947214,5.6722436,6.03166533,6.11313868,6.2308383,6.25397635,6.56739044,,
United States,USA,Domestic general government health expenditure (% of GDP),SH.XPD.GHED.GD.ZS,,,,,,,,,,,,,,,,,,,,,,,,,,,,,,,,,,,,,,,,,5.54301786,5.9683423,6.3262043,6.52333498,6.60847521,6.62828159,6.80857801,6.91274452,7.22391701,7.85959625,7.91452122,7.89911222,7.87175035,7.91718674,8.22790337,8.46681786,8.58745289,8.56208706,8.53671169,8.59579563,10.68158436,,
Uzbekistan,UZB,Domestic general government health expenditure (% of GDP),SH.XPD.GHED.GD.ZS,,,,,,,,,,,,,,,,,,,,,,,,,,,,,,,,,,,,,,,,,2.00684047,2.03427196,1.93376124,1.89574766,1.80486059,1.81541967,1.9279021,1.79759741,1.91604054,1.9971329,2.12282252,2.08887649,2.33609509,2.40117002,2.31306577,2.35756874,2.05541873,2.00763083,1.93785501,2.25870585,3.11443138,,
St. Vincent and the Grenadines,VCT,Domestic general government health expenditure (% of GDP),SH.XPD.GHED.GD.ZS,,,,,,,,,,,,,,,,,,,,,,,,,,,,,,,,,,,,,,,,,2.78107834,2.73731613,2.79668641,2.62799144,2.46824932,2.40467215,2.1732583,2.13313866,2.3085506,2.5003233,2.54869199,2.39666867,2.76023078,2.67553115,2.53281069,2.52539754,2.58590031,2.67966342,2.79988337,2.87146282,3.26209617,,
"Venezuela, RB",VEN,Domestic general government health expenditure (% of GDP),SH.XPD.GHED.GD.ZS,,,,,,,,,,,,,,,,,,,,,,,,,,,,,,,,,,,,,,,,,3.36394501,3.52853656,3.55378437,3.78109121,3.67353392,2.81432152,4.60071993,4.02176666,2.55314636,2.59487224,2.58675599,3.07864499,2.85448384,2.15607715,1.99139607,1.96749449,1.85235131,2.79056835,1.24563146,0.81175309,1.67663467,,
British Virgin Islands,VGB,Domestic general government health expenditure (% of GDP),SH.XPD.GHED.GD.ZS,,,,,,,,,,,,,,,,,,,,,,,,,,,,,,,,,,,,,,,,,,,,,,,,,,,,,,,,,,,,,,,
Virgin Islands (U.S.),VIR,Domestic general government health expenditure (% of GDP),SH.XPD.GHED.GD.ZS,,,,,,,,,,,,,,,,,,,,,,,,,,,,,,,,,,,,,,,,,,,,,,,,,,,,,,,,,,,,,,,
Vietnam,VNM,Domestic general government health expenditure (% of GDP),SH.XPD.GHED.GD.ZS,,,,,,,,,,,,,,,,,,,,,,,,,,,,,,,,,,,,,,,,,1.33280754,1.19511783,1.3129524,1.20677984,1.35462713,1.47417939,1.5299412,1.51937354,1.52749491,1.5112251,1.86173701,1.78486931,2.09637356,2.39113688,1.93541729,1.90878165,2.14321518,2.17300439,2.10208344,2.04478526,2.11166167,,
Vanuatu,VUT,Domestic general government health expenditure (% of GDP),SH.XPD.GHED.GD.ZS,,,,,,,,,,,,,,,,,,,,,,,,,,,,,,,,,,,,,,,,,2.46942925,2.51605392,2.62352204,2.48979235,2.32455468,2.1404469,2.14605188,2.22354412,2.27406836,2.00319982,1.94035757,2.36059308,2.29996967,2.24557829,0.5876475,2.09905958,1.32797575,1.47112322,2.14044142,1.90440345,2.60831356,,
World,WLD,Domestic general government health expenditure (% of GDP),SH.XPD.GHED.GD.ZS,,,,,,,,,,,,,,,,,,,,,,,,,,,,,,,,,,,,,,,,,4.955117881,5.175898657,5.371767973,5.504559591,5.497394344,5.445337716,5.401781713,5.331758102,5.419389873,5.911840169,5.699800861,5.692458922,5.664610672,5.637499505,5.734761023,5.889192671,5.935883169,5.858396519,5.838850193,5.921507877,6.912821289,,
Samoa,WSM,Domestic general government health expenditure (% of GDP),SH.XPD.GHED.GD.ZS,,,,,,,,,,,,,,,,,,,,,,,,,,,,,,,,,,,,,,,,,3.67396593,3.19824743,3.50715756,2.8892045,3.09871244,3.26160979,3.53131747,3.36175871,3.55778313,4.08571434,3.98514557,3.7005682,3.97828579,4.17282534,4.65756559,4.57855034,4.01764345,4.17152357,3.95124698,4.62225151,3.85650325,,
Kosovo,XKX,Domestic general government health expenditure (% of GDP),SH.XPD.GHED.GD.ZS,,,,,,,,,,,,,,,,,,,,,,,,,,,,,,,,,,,,,,,,,,,,,,,,,,,,,,,,,,,,,,,
"Yemen, Rep.",YEM,Domestic general government health expenditure (% of GDP),SH.XPD.GHED.GD.ZS,,,,,,,,,,,,,,,,,,,,,,,,,,,,,,,,,,,,,,,,,2.37196207,2.47797203,2.33098793,2.40408325,1.95299447,1.65503561,1.62575805,1.56395018,1.60281074,1.30869162,1.16217077,1.09211838,1.24131441,0.9796077,0.78348452,0.4330447,,,,,,,
South Africa,ZAF,Domestic general government health expenditure (% of GDP),SH.XPD.GHED.GD.ZS,,,,,,,,,,,,,,,,,,,,,,,,,,,,,,,,,,,,,,,,,2.68480206,2.40290713,2.30570102,2.79076648,2.73156238,2.74503064,3.23011708,3.30013156,3.38493657,3.80475187,4.00033045,4.12050819,4.1403532,4.14510202,4.3735652,4.59632444,4.57297277,4.56554031,4.61501074,4.81728697,5.33053446,,
Zambia,ZMB,Domestic general government health expenditure (% of GDP),SH.XPD.GHED.GD.ZS,,,,,,,,,,,,,,,,,,,,,,,,,,,,,,,,,,,,,,,,,3.18158031,3.10559344,2.9581449,2.44050002,2.41501522,1.83118665,1.72526324,0.97808874,0.57981902,0.43821603,0.84136683,1.20388007,1.29786623,1.30987322,1.89382219,2.0905416,1.71430743,1.78925121,1.98691666,2.13650107,2.44180179,,
Zimbabwe,ZWE,Domestic general government health expenditure (% of GDP),SH.XPD.GHED.GD.ZS,,,,,,,,,,,,,,,,,,,,,,,,,,,,,,,,,,,,,,,,,,,,,,,,,,,2.75335717,2.11995435,1.99866605,2.01785898,2.73114586,1.55090201,1.58191299,1.59848082,1.59427941,0.52207655,0.75678271,,
